rq0_id,language,condition,ssim_vs_baseline
dorn_cuda_000,cuda,gaussian_sigma_1,0.9176961774462198
dorn_cuda_000,cuda,gaussian_sigma_2,0.783367904813832
dorn_cuda_000,cuda,gaussian_sigma_4,0.6954061165485683
dorn_cuda_001,cuda,gaussian_sigma_1,0.8793422383228581
dorn_cuda_001,cuda,gaussian_sigma_2,0.7094433466268585
dorn_cuda_001,cuda,gaussian_sigma_4,0.5951730963605216
dorn_cuda_002,cuda,gaussian_sigma_1,0.9424343489816304
dorn_cuda_002,cuda,gaussian_sigma_2,0.8515850603023809
dorn_cuda_002,cuda,gaussian_sigma_4,0.7922874557814826
dorn_cuda_003,cuda,gaussian_sigma_1,0.9148302818039244
dorn_cuda_003,cuda,gaussian_sigma_2,0.7781707083375461
dorn_cuda_003,cuda,gaussian_sigma_4,0.695479761623114
dorn_cuda_004,cuda,gaussian_sigma_1,0.9476838047474524
dorn_cuda_004,cuda,gaussian_sigma_2,0.8610860016864491
dorn_cuda_004,cuda,gaussian_sigma_4,0.8067712253207616
dorn_cuda_005,cuda,gaussian_sigma_1,0.9228657205597922
dorn_cuda_005,cuda,gaussian_sigma_2,0.7977247852223693
dorn_cuda_005,cuda,gaussian_sigma_4,0.7219279247001932
dorn_cuda_006,cuda,gaussian_sigma_1,0.9190618134501168
dorn_cuda_006,cuda,gaussian_sigma_2,0.7911189437863535
dorn_cuda_006,cuda,gaussian_sigma_4,0.7150946474895982
dorn_cuda_007,cuda,gaussian_sigma_1,0.9267706232473412
dorn_cuda_007,cuda,gaussian_sigma_2,0.8079927439210185
dorn_cuda_007,cuda,gaussian_sigma_4,0.7331305474307958
dorn_cuda_008,cuda,gaussian_sigma_1,0.9140588671396355
dorn_cuda_008,cuda,gaussian_sigma_2,0.7770041382332714
dorn_cuda_008,cuda,gaussian_sigma_4,0.6919504495386547
dorn_cuda_009,cuda,gaussian_sigma_1,0.9284629026771066
dorn_cuda_009,cuda,gaussian_sigma_2,0.8158906916757774
dorn_cuda_009,cuda,gaussian_sigma_4,0.7447220067174066
dorn_cuda_010,cuda,gaussian_sigma_1,0.8992387447306864
dorn_cuda_010,cuda,gaussian_sigma_2,0.7331466990279228
dorn_cuda_010,cuda,gaussian_sigma_4,0.6316492313001492
dorn_cuda_011,cuda,gaussian_sigma_1,0.9231702939261214
dorn_cuda_011,cuda,gaussian_sigma_2,0.7965668483827947
dorn_cuda_011,cuda,gaussian_sigma_4,0.7185118287592384
dorn_cuda_012,cuda,gaussian_sigma_1,0.9375897296295367
dorn_cuda_012,cuda,gaussian_sigma_2,0.8372830000189792
dorn_cuda_012,cuda,gaussian_sigma_4,0.7752725330028509
dorn_cuda_013,cuda,gaussian_sigma_1,0.9231516584599411
dorn_cuda_013,cuda,gaussian_sigma_2,0.8006540675768204
dorn_cuda_013,cuda,gaussian_sigma_4,0.7240662293103178
dorn_cuda_014,cuda,gaussian_sigma_1,0.9120657246633176
dorn_cuda_014,cuda,gaussian_sigma_2,0.7709016985948246
dorn_cuda_014,cuda,gaussian_sigma_4,0.6870066885078554
dorn_cuda_015,cuda,gaussian_sigma_1,0.9277354238815309
dorn_cuda_015,cuda,gaussian_sigma_2,0.811794400779433
dorn_cuda_015,cuda,gaussian_sigma_4,0.7380026009866812
dorn_cuda_016,cuda,gaussian_sigma_1,0.9019700658122113
dorn_cuda_016,cuda,gaussian_sigma_2,0.7295528150877654
dorn_cuda_016,cuda,gaussian_sigma_4,0.6225631858200334
dorn_cuda_017,cuda,gaussian_sigma_1,0.9454060925756549
dorn_cuda_017,cuda,gaussian_sigma_2,0.8567449240061561
dorn_cuda_017,cuda,gaussian_sigma_4,0.7997761297831442
dorn_cuda_018,cuda,gaussian_sigma_1,0.9240288537612701
dorn_cuda_018,cuda,gaussian_sigma_2,0.7981158943463426
dorn_cuda_018,cuda,gaussian_sigma_4,0.7193888209465525
dorn_cuda_019,cuda,gaussian_sigma_1,0.9152703524948334
dorn_cuda_019,cuda,gaussian_sigma_2,0.7754840725984585
dorn_cuda_019,cuda,gaussian_sigma_4,0.6940576084607161
dorn_cuda_020,cuda,gaussian_sigma_1,0.8993694453300812
dorn_cuda_020,cuda,gaussian_sigma_2,0.7361235501014848
dorn_cuda_020,cuda,gaussian_sigma_4,0.6357295565364108
dorn_cuda_021,cuda,gaussian_sigma_1,0.9093514953878148
dorn_cuda_021,cuda,gaussian_sigma_2,0.7689661894502894
dorn_cuda_021,cuda,gaussian_sigma_4,0.6765581453644675
dorn_cuda_022,cuda,gaussian_sigma_1,0.9452163169360753
dorn_cuda_022,cuda,gaussian_sigma_2,0.8570744690975336
dorn_cuda_022,cuda,gaussian_sigma_4,0.7985465444801966
dorn_cuda_023,cuda,gaussian_sigma_1,0.8911766948925294
dorn_cuda_023,cuda,gaussian_sigma_2,0.713504315730452
dorn_cuda_023,cuda,gaussian_sigma_4,0.6061728323032608
dorn_cuda_024,cuda,gaussian_sigma_1,0.8878326984450154
dorn_cuda_024,cuda,gaussian_sigma_2,0.7013319542123414
dorn_cuda_024,cuda,gaussian_sigma_4,0.5823561750663185
dorn_cuda_025,cuda,gaussian_sigma_1,0.8805159078347332
dorn_cuda_025,cuda,gaussian_sigma_2,0.6860225433711128
dorn_cuda_025,cuda,gaussian_sigma_4,0.5660967038396774
dorn_cuda_026,cuda,gaussian_sigma_1,0.9144880824020755
dorn_cuda_026,cuda,gaussian_sigma_2,0.775493848038045
dorn_cuda_026,cuda,gaussian_sigma_4,0.6895930696922515
dorn_cuda_027,cuda,gaussian_sigma_1,0.9149442179645741
dorn_cuda_027,cuda,gaussian_sigma_2,0.7798385732671926
dorn_cuda_027,cuda,gaussian_sigma_4,0.6991124077989848
dorn_cuda_028,cuda,gaussian_sigma_1,0.924756194898885
dorn_cuda_028,cuda,gaussian_sigma_2,0.8054240394950399
dorn_cuda_028,cuda,gaussian_sigma_4,0.7324501199110812
dorn_cuda_029,cuda,gaussian_sigma_1,0.9561246462251591
dorn_cuda_029,cuda,gaussian_sigma_2,0.8867036307010986
dorn_cuda_029,cuda,gaussian_sigma_4,0.8402785072407694
dorn_cuda_030,cuda,gaussian_sigma_1,0.8944388282837319
dorn_cuda_030,cuda,gaussian_sigma_2,0.7237234124488373
dorn_cuda_030,cuda,gaussian_sigma_4,0.6190368422618471
dorn_cuda_031,cuda,gaussian_sigma_1,0.9453483812352106
dorn_cuda_031,cuda,gaussian_sigma_2,0.8547549459972658
dorn_cuda_031,cuda,gaussian_sigma_4,0.7987214775903375
dorn_cuda_032,cuda,gaussian_sigma_1,0.875535640927755
dorn_cuda_032,cuda,gaussian_sigma_2,0.6675412325022833
dorn_cuda_032,cuda,gaussian_sigma_4,0.5485804147776592
dorn_cuda_033,cuda,gaussian_sigma_1,0.9044272793884968
dorn_cuda_033,cuda,gaussian_sigma_2,0.748860047029379
dorn_cuda_033,cuda,gaussian_sigma_4,0.6524760133683093
dorn_cuda_034,cuda,gaussian_sigma_1,0.8921036523734595
dorn_cuda_034,cuda,gaussian_sigma_2,0.7172792496194319
dorn_cuda_034,cuda,gaussian_sigma_4,0.6101989069221472
dorn_cuda_035,cuda,gaussian_sigma_1,0.9657652121097073
dorn_cuda_035,cuda,gaussian_sigma_2,0.9110905483324973
dorn_cuda_035,cuda,gaussian_sigma_4,0.8803170982210567
dorn_cuda_036,cuda,gaussian_sigma_1,0.9167897204550757
dorn_cuda_036,cuda,gaussian_sigma_2,0.7830988170558126
dorn_cuda_036,cuda,gaussian_sigma_4,0.7000642933480595
dorn_cuda_037,cuda,gaussian_sigma_1,0.9370501299297289
dorn_cuda_037,cuda,gaussian_sigma_2,0.8350615097233612
dorn_cuda_037,cuda,gaussian_sigma_4,0.7720627878971351
dorn_cuda_038,cuda,gaussian_sigma_1,0.9053956414493857
dorn_cuda_038,cuda,gaussian_sigma_2,0.7409416816702636
dorn_cuda_038,cuda,gaussian_sigma_4,0.6449339342686486
dorn_cuda_039,cuda,gaussian_sigma_1,0.9388448764641396
dorn_cuda_039,cuda,gaussian_sigma_2,0.83840397654332
dorn_cuda_039,cuda,gaussian_sigma_4,0.7748195424156514
dorn_cuda_040,cuda,gaussian_sigma_1,0.9466770121385316
dorn_cuda_040,cuda,gaussian_sigma_2,0.8559907407439858
dorn_cuda_040,cuda,gaussian_sigma_4,0.8054517527304151
dorn_cuda_041,cuda,gaussian_sigma_1,0.9506659802316199
dorn_cuda_041,cuda,gaussian_sigma_2,0.8699640421584839
dorn_cuda_041,cuda,gaussian_sigma_4,0.8181216450521728
dorn_cuda_042,cuda,gaussian_sigma_1,0.9280847689137749
dorn_cuda_042,cuda,gaussian_sigma_2,0.8113870600031886
dorn_cuda_042,cuda,gaussian_sigma_4,0.7368088434448724
dorn_cuda_043,cuda,gaussian_sigma_1,0.8876267968519023
dorn_cuda_043,cuda,gaussian_sigma_2,0.7000317716101369
dorn_cuda_043,cuda,gaussian_sigma_4,0.5887286169644814
dorn_cuda_044,cuda,gaussian_sigma_1,0.958375833983064
dorn_cuda_044,cuda,gaussian_sigma_2,0.8922508545159363
dorn_cuda_044,cuda,gaussian_sigma_4,0.847696273045242
dorn_cuda_045,cuda,gaussian_sigma_1,0.884625171050241
dorn_cuda_045,cuda,gaussian_sigma_2,0.6682081388176421
dorn_cuda_045,cuda,gaussian_sigma_4,0.5439584768443753
dorn_cuda_046,cuda,gaussian_sigma_1,0.9372170225349957
dorn_cuda_046,cuda,gaussian_sigma_2,0.8335412895321938
dorn_cuda_046,cuda,gaussian_sigma_4,0.7658592787641348
dorn_cuda_047,cuda,gaussian_sigma_1,0.8824242202875339
dorn_cuda_047,cuda,gaussian_sigma_2,0.6909025932990739
dorn_cuda_047,cuda,gaussian_sigma_4,0.574232245946559
dorn_cuda_048,cuda,gaussian_sigma_1,0.9374030505150691
dorn_cuda_048,cuda,gaussian_sigma_2,0.8382803134609768
dorn_cuda_048,cuda,gaussian_sigma_4,0.7739261955842102
dorn_cuda_049,cuda,gaussian_sigma_1,0.9030637495621372
dorn_cuda_049,cuda,gaussian_sigma_2,0.7435814455331777
dorn_cuda_049,cuda,gaussian_sigma_4,0.648731210906354
dorn_cuda_050,cuda,gaussian_sigma_1,0.9033157221508894
dorn_cuda_050,cuda,gaussian_sigma_2,0.75465165380932
dorn_cuda_050,cuda,gaussian_sigma_4,0.6717712224855158
dorn_cuda_051,cuda,gaussian_sigma_1,0.9156074542020131
dorn_cuda_051,cuda,gaussian_sigma_2,0.7796234099456694
dorn_cuda_051,cuda,gaussian_sigma_4,0.6933661531799918
dorn_cuda_052,cuda,gaussian_sigma_1,0.9421213662655369
dorn_cuda_052,cuda,gaussian_sigma_2,0.8485707360673023
dorn_cuda_052,cuda,gaussian_sigma_4,0.7886628362752294
dorn_cuda_053,cuda,gaussian_sigma_1,0.9161927231831305
dorn_cuda_053,cuda,gaussian_sigma_2,0.7708422890146224
dorn_cuda_053,cuda,gaussian_sigma_4,0.6799694267473938
dorn_cuda_054,cuda,gaussian_sigma_1,0.9566438621380979
dorn_cuda_054,cuda,gaussian_sigma_2,0.885342789654707
dorn_cuda_054,cuda,gaussian_sigma_4,0.8403074408740183
dorn_cuda_055,cuda,gaussian_sigma_1,0.9270868187960611
dorn_cuda_055,cuda,gaussian_sigma_2,0.8102875387363732
dorn_cuda_055,cuda,gaussian_sigma_4,0.7310080479066262
dorn_cuda_056,cuda,gaussian_sigma_1,0.909140271122259
dorn_cuda_056,cuda,gaussian_sigma_2,0.7627307250962975
dorn_cuda_056,cuda,gaussian_sigma_4,0.6695506969281664
dorn_cuda_057,cuda,gaussian_sigma_1,0.9271933358110626
dorn_cuda_057,cuda,gaussian_sigma_2,0.8085357611743121
dorn_cuda_057,cuda,gaussian_sigma_4,0.7376084410983185
dorn_cuda_058,cuda,gaussian_sigma_1,0.8807640336196864
dorn_cuda_058,cuda,gaussian_sigma_2,0.6912722224712846
dorn_cuda_058,cuda,gaussian_sigma_4,0.5747105154272059
dorn_cuda_059,cuda,gaussian_sigma_1,0.9270329226046309
dorn_cuda_059,cuda,gaussian_sigma_2,0.8122358655479087
dorn_cuda_059,cuda,gaussian_sigma_4,0.7396048337305424
dorn_cuda_060,cuda,gaussian_sigma_1,0.9305292664713137
dorn_cuda_060,cuda,gaussian_sigma_2,0.8164432937250131
dorn_cuda_060,cuda,gaussian_sigma_4,0.7473176237853337
dorn_cuda_061,cuda,gaussian_sigma_1,0.9243991921646315
dorn_cuda_061,cuda,gaussian_sigma_2,0.8014083343610195
dorn_cuda_061,cuda,gaussian_sigma_4,0.7219312402419931
dorn_cuda_062,cuda,gaussian_sigma_1,0.9828581645283928
dorn_cuda_062,cuda,gaussian_sigma_2,0.9556070980209368
dorn_cuda_062,cuda,gaussian_sigma_4,0.9370469270955993
dorn_cuda_063,cuda,gaussian_sigma_1,0.9233831095729471
dorn_cuda_063,cuda,gaussian_sigma_2,0.8004195538572462
dorn_cuda_063,cuda,gaussian_sigma_4,0.721078873884092
dorn_cuda_064,cuda,gaussian_sigma_1,0.8921036523734595
dorn_cuda_064,cuda,gaussian_sigma_2,0.7172792496194319
dorn_cuda_064,cuda,gaussian_sigma_4,0.6101989069221472
dorn_cuda_065,cuda,gaussian_sigma_1,0.9540686097724692
dorn_cuda_065,cuda,gaussian_sigma_2,0.8809287360668173
dorn_cuda_065,cuda,gaussian_sigma_4,0.831084348509273
dorn_cuda_066,cuda,gaussian_sigma_1,0.9624086595768883
dorn_cuda_066,cuda,gaussian_sigma_2,0.9048301583822228
dorn_cuda_066,cuda,gaussian_sigma_4,0.8660785733405413
dorn_cuda_067,cuda,gaussian_sigma_1,0.8755421280600014
dorn_cuda_067,cuda,gaussian_sigma_2,0.6737677117299513
dorn_cuda_067,cuda,gaussian_sigma_4,0.5471977670594526
dorn_cuda_068,cuda,gaussian_sigma_1,0.9037375268539515
dorn_cuda_068,cuda,gaussian_sigma_2,0.7497780655603165
dorn_cuda_068,cuda,gaussian_sigma_4,0.652514872602176
dorn_cuda_069,cuda,gaussian_sigma_1,0.904173982849443
dorn_cuda_069,cuda,gaussian_sigma_2,0.7425888558394349
dorn_cuda_069,cuda,gaussian_sigma_4,0.6463632866843967
dorn_cuda_070,cuda,gaussian_sigma_1,0.9442636818832563
dorn_cuda_070,cuda,gaussian_sigma_2,0.8517225989893334
dorn_cuda_070,cuda,gaussian_sigma_4,0.7972029407057902
dorn_cuda_071,cuda,gaussian_sigma_1,0.8829733307827232
dorn_cuda_071,cuda,gaussian_sigma_2,0.6992477383743343
dorn_cuda_071,cuda,gaussian_sigma_4,0.5883365840093325
dorn_cuda_072,cuda,gaussian_sigma_1,0.9106487398668666
dorn_cuda_072,cuda,gaussian_sigma_2,0.7634717731663047
dorn_cuda_072,cuda,gaussian_sigma_4,0.6707396222250953
dorn_cuda_073,cuda,gaussian_sigma_1,0.9419182098090992
dorn_cuda_073,cuda,gaussian_sigma_2,0.8498093346430805
dorn_cuda_073,cuda,gaussian_sigma_4,0.7931015984232697
dorn_cuda_074,cuda,gaussian_sigma_1,0.9308365890765268
dorn_cuda_074,cuda,gaussian_sigma_2,0.818158358777897
dorn_cuda_074,cuda,gaussian_sigma_4,0.7499196137506748
dorn_cuda_075,cuda,gaussian_sigma_1,0.9237170453939982
dorn_cuda_075,cuda,gaussian_sigma_2,0.7967011419647848
dorn_cuda_075,cuda,gaussian_sigma_4,0.72032410173134
dorn_cuda_076,cuda,gaussian_sigma_1,0.9375077096522807
dorn_cuda_076,cuda,gaussian_sigma_2,0.8383941861636005
dorn_cuda_076,cuda,gaussian_sigma_4,0.7763163752320824
dorn_cuda_077,cuda,gaussian_sigma_1,0.9141920140323453
dorn_cuda_077,cuda,gaussian_sigma_2,0.7787732328219158
dorn_cuda_077,cuda,gaussian_sigma_4,0.6989375870888529
dorn_cuda_078,cuda,gaussian_sigma_1,0.8673728759894112
dorn_cuda_078,cuda,gaussian_sigma_2,0.6526663377613661
dorn_cuda_078,cuda,gaussian_sigma_4,0.5243443879222832
dorn_cuda_079,cuda,gaussian_sigma_1,0.8979618353097255
dorn_cuda_079,cuda,gaussian_sigma_2,0.7327542036558237
dorn_cuda_079,cuda,gaussian_sigma_4,0.6247298043708455
dorn_cuda_080,cuda,gaussian_sigma_1,0.9629632723735787
dorn_cuda_080,cuda,gaussian_sigma_2,0.9040440792622993
dorn_cuda_080,cuda,gaussian_sigma_4,0.8635169889060998
dorn_cuda_081,cuda,gaussian_sigma_1,0.9085336800631199
dorn_cuda_081,cuda,gaussian_sigma_2,0.7623042504626291
dorn_cuda_081,cuda,gaussian_sigma_4,0.6721489983395749
dorn_cuda_082,cuda,gaussian_sigma_1,0.9138700647805879
dorn_cuda_082,cuda,gaussian_sigma_2,0.7757291572296068
dorn_cuda_082,cuda,gaussian_sigma_4,0.6833688422096506
dorn_cuda_083,cuda,gaussian_sigma_1,0.9107536089863063
dorn_cuda_083,cuda,gaussian_sigma_2,0.7434518095570062
dorn_cuda_083,cuda,gaussian_sigma_4,0.6491546151620181
dorn_cuda_084,cuda,gaussian_sigma_1,0.8894126832722195
dorn_cuda_084,cuda,gaussian_sigma_2,0.7089172438643664
dorn_cuda_084,cuda,gaussian_sigma_4,0.5929786570611594
dorn_cuda_085,cuda,gaussian_sigma_1,0.9254934374502745
dorn_cuda_085,cuda,gaussian_sigma_2,0.8072798945799314
dorn_cuda_085,cuda,gaussian_sigma_4,0.7341921559193235
dorn_cuda_086,cuda,gaussian_sigma_1,0.9154642647897474
dorn_cuda_086,cuda,gaussian_sigma_2,0.7778406237214209
dorn_cuda_086,cuda,gaussian_sigma_4,0.6930042105519026
dorn_cuda_087,cuda,gaussian_sigma_1,0.9169264595228098
dorn_cuda_087,cuda,gaussian_sigma_2,0.7797072706086068
dorn_cuda_087,cuda,gaussian_sigma_4,0.6956646767063593
dorn_cuda_088,cuda,gaussian_sigma_1,0.9510125420660342
dorn_cuda_088,cuda,gaussian_sigma_2,0.8687954426161811
dorn_cuda_088,cuda,gaussian_sigma_4,0.8231047226495605
dorn_cuda_089,cuda,gaussian_sigma_1,0.8826648232594739
dorn_cuda_089,cuda,gaussian_sigma_2,0.6918561599500185
dorn_cuda_089,cuda,gaussian_sigma_4,0.5747374071652872
dorn_cuda_090,cuda,gaussian_sigma_1,0.9335824743078341
dorn_cuda_090,cuda,gaussian_sigma_2,0.8278217166891083
dorn_cuda_090,cuda,gaussian_sigma_4,0.7617266001206034
dorn_cuda_091,cuda,gaussian_sigma_1,0.9264506172322083
dorn_cuda_091,cuda,gaussian_sigma_2,0.8079372752951297
dorn_cuda_091,cuda,gaussian_sigma_4,0.7357394559654038
dorn_cuda_092,cuda,gaussian_sigma_1,0.910415611367609
dorn_cuda_092,cuda,gaussian_sigma_2,0.762713982568456
dorn_cuda_092,cuda,gaussian_sigma_4,0.6654531824637994
dorn_cuda_093,cuda,gaussian_sigma_1,0.889812942541177
dorn_cuda_093,cuda,gaussian_sigma_2,0.7108098750676675
dorn_cuda_093,cuda,gaussian_sigma_4,0.5945168361093994
dorn_cuda_094,cuda,gaussian_sigma_1,0.9280678696166276
dorn_cuda_094,cuda,gaussian_sigma_2,0.814616376683318
dorn_cuda_094,cuda,gaussian_sigma_4,0.7423258171344996
dorn_cuda_095,cuda,gaussian_sigma_1,0.9366426603648558
dorn_cuda_095,cuda,gaussian_sigma_2,0.8362347757787411
dorn_cuda_095,cuda,gaussian_sigma_4,0.7733541045524226
dorn_cuda_096,cuda,gaussian_sigma_1,0.9683926806980684
dorn_cuda_096,cuda,gaussian_sigma_2,0.9186919642048189
dorn_cuda_096,cuda,gaussian_sigma_4,0.8904431310941949
dorn_cuda_097,cuda,gaussian_sigma_1,0.9132549222965438
dorn_cuda_097,cuda,gaussian_sigma_2,0.772460146142325
dorn_cuda_097,cuda,gaussian_sigma_4,0.6896788120711369
dorn_cuda_098,cuda,gaussian_sigma_1,0.9007564623901677
dorn_cuda_098,cuda,gaussian_sigma_2,0.7355461363735324
dorn_cuda_098,cuda,gaussian_sigma_4,0.628435717424334
dorn_cuda_099,cuda,gaussian_sigma_1,0.9270329226046309
dorn_cuda_099,cuda,gaussian_sigma_2,0.8122358655479087
dorn_cuda_099,cuda,gaussian_sigma_4,0.7396048337305424
dorn_cuda_100,cuda,gaussian_sigma_1,0.9258200045038265
dorn_cuda_100,cuda,gaussian_sigma_2,0.8086970650098433
dorn_cuda_100,cuda,gaussian_sigma_4,0.734155709640476
dorn_cuda_101,cuda,gaussian_sigma_1,0.9330888081262826
dorn_cuda_101,cuda,gaussian_sigma_2,0.8231269822646542
dorn_cuda_101,cuda,gaussian_sigma_4,0.7546560083125907
dorn_cuda_102,cuda,gaussian_sigma_1,0.9522647368099916
dorn_cuda_102,cuda,gaussian_sigma_2,0.8751334085674692
dorn_cuda_102,cuda,gaussian_sigma_4,0.8249593281469627
dorn_cuda_103,cuda,gaussian_sigma_1,0.9158912180679263
dorn_cuda_103,cuda,gaussian_sigma_2,0.7784795598333146
dorn_cuda_103,cuda,gaussian_sigma_4,0.6923180162751583
dorn_cuda_104,cuda,gaussian_sigma_1,0.9225638683873503
dorn_cuda_104,cuda,gaussian_sigma_2,0.7973786220555402
dorn_cuda_104,cuda,gaussian_sigma_4,0.7198751799609772
dorn_cuda_105,cuda,gaussian_sigma_1,0.9309559289054364
dorn_cuda_105,cuda,gaussian_sigma_2,0.8191724155062156
dorn_cuda_105,cuda,gaussian_sigma_4,0.7462731433080582
dorn_cuda_106,cuda,gaussian_sigma_1,0.9261928586163825
dorn_cuda_106,cuda,gaussian_sigma_2,0.8029129095712858
dorn_cuda_106,cuda,gaussian_sigma_4,0.7282436735048053
dorn_cuda_107,cuda,gaussian_sigma_1,0.9268282260681838
dorn_cuda_107,cuda,gaussian_sigma_2,0.8161132634274995
dorn_cuda_107,cuda,gaussian_sigma_4,0.7457834239645825
dorn_cuda_108,cuda,gaussian_sigma_1,0.8912029577439703
dorn_cuda_108,cuda,gaussian_sigma_2,0.7105154491826444
dorn_cuda_108,cuda,gaussian_sigma_4,0.5966756494948573
dorn_cuda_109,cuda,gaussian_sigma_1,0.9535869164480194
dorn_cuda_109,cuda,gaussian_sigma_2,0.8743616805306432
dorn_cuda_109,cuda,gaussian_sigma_4,0.8277191291912098
dorn_cuda_110,cuda,gaussian_sigma_1,0.8918205045384974
dorn_cuda_110,cuda,gaussian_sigma_2,0.7150766495978401
dorn_cuda_110,cuda,gaussian_sigma_4,0.6052550897276532
dorn_cuda_111,cuda,gaussian_sigma_1,0.9176023220559757
dorn_cuda_111,cuda,gaussian_sigma_2,0.7771106292348305
dorn_cuda_111,cuda,gaussian_sigma_4,0.6952458297676599
dorn_cuda_112,cuda,gaussian_sigma_1,0.9344574888442674
dorn_cuda_112,cuda,gaussian_sigma_2,0.8285865051830789
dorn_cuda_112,cuda,gaussian_sigma_4,0.7651502144239513
dorn_cuda_113,cuda,gaussian_sigma_1,0.914059280752319
dorn_cuda_113,cuda,gaussian_sigma_2,0.7739224817401454
dorn_cuda_113,cuda,gaussian_sigma_4,0.6905646759753982
dorn_cuda_114,cuda,gaussian_sigma_1,0.901709533756519
dorn_cuda_114,cuda,gaussian_sigma_2,0.7339292264210937
dorn_cuda_114,cuda,gaussian_sigma_4,0.6274488815762095
dorn_cuda_115,cuda,gaussian_sigma_1,0.8759135971942537
dorn_cuda_115,cuda,gaussian_sigma_2,0.678936832906803
dorn_cuda_115,cuda,gaussian_sigma_4,0.559993660473948
dorn_cuda_116,cuda,gaussian_sigma_1,0.929211825293717
dorn_cuda_116,cuda,gaussian_sigma_2,0.8119571579369259
dorn_cuda_116,cuda,gaussian_sigma_4,0.7398661290272962
dorn_cuda_117,cuda,gaussian_sigma_1,0.911384572811265
dorn_cuda_117,cuda,gaussian_sigma_2,0.7704040875309434
dorn_cuda_117,cuda,gaussian_sigma_4,0.6855929112282143
dorn_cuda_118,cuda,gaussian_sigma_1,0.9011750962689778
dorn_cuda_118,cuda,gaussian_sigma_2,0.7428920721311965
dorn_cuda_118,cuda,gaussian_sigma_4,0.6436656367768799
dorn_cuda_119,cuda,gaussian_sigma_1,0.9521990013980366
dorn_cuda_119,cuda,gaussian_sigma_2,0.8753741400518606
dorn_cuda_119,cuda,gaussian_sigma_4,0.8226776202398024
rq0_0000,java,gaussian_sigma_1,0.949764709639933
rq0_0000,java,gaussian_sigma_2,0.868130489586472
rq0_0000,java,gaussian_sigma_4,0.8136792453359095
rq0_0001,java,gaussian_sigma_1,0.9429096295272986
rq0_0001,java,gaussian_sigma_2,0.8528297207858433
rq0_0001,java,gaussian_sigma_4,0.7972964971420927
rq0_0002,java,gaussian_sigma_1,0.9096926669548604
rq0_0002,java,gaussian_sigma_2,0.7652213930081753
rq0_0002,java,gaussian_sigma_4,0.672705447182853
rq0_0003,java,gaussian_sigma_1,0.9220495806613939
rq0_0003,java,gaussian_sigma_2,0.792631799775824
rq0_0003,java,gaussian_sigma_4,0.716869931260605
rq0_0004,java,gaussian_sigma_1,0.951203442452614
rq0_0004,java,gaussian_sigma_2,0.8715248312581364
rq0_0004,java,gaussian_sigma_4,0.8219842188131632
rq0_0005,java,gaussian_sigma_1,0.940671744453916
rq0_0005,java,gaussian_sigma_2,0.8464262401092033
rq0_0005,java,gaussian_sigma_4,0.7898672244258532
rq0_0006,java,gaussian_sigma_1,0.9389471990770577
rq0_0006,java,gaussian_sigma_2,0.8379878795957855
rq0_0006,java,gaussian_sigma_4,0.7755599842877398
rq0_0007,java,gaussian_sigma_1,0.9101576739356846
rq0_0007,java,gaussian_sigma_2,0.7667185450015629
rq0_0007,java,gaussian_sigma_4,0.6748727796871722
rq0_0008,java,gaussian_sigma_1,0.9387934106793604
rq0_0008,java,gaussian_sigma_2,0.8397909451583075
rq0_0008,java,gaussian_sigma_4,0.7761774184834271
rq0_0009,java,gaussian_sigma_1,0.9483070081626366
rq0_0009,java,gaussian_sigma_2,0.8635454273283324
rq0_0009,java,gaussian_sigma_4,0.8133610865554214
rq0_0010,java,gaussian_sigma_1,0.9478719887806024
rq0_0010,java,gaussian_sigma_2,0.8635301058189199
rq0_0010,java,gaussian_sigma_4,0.8121437832941528
rq0_0011,java,gaussian_sigma_1,0.9575100685777996
rq0_0011,java,gaussian_sigma_2,0.8862875413662595
rq0_0011,java,gaussian_sigma_4,0.8383559708115831
rq0_0012,java,gaussian_sigma_1,0.9540848159197061
rq0_0012,java,gaussian_sigma_2,0.8792106610522318
rq0_0012,java,gaussian_sigma_4,0.8308670783667252
rq0_0013,java,gaussian_sigma_1,0.8878152671522699
rq0_0013,java,gaussian_sigma_2,0.7079403328229694
rq0_0013,java,gaussian_sigma_4,0.5974525311903518
rq0_0014,java,gaussian_sigma_1,0.9232540839798377
rq0_0014,java,gaussian_sigma_2,0.7990957309930283
rq0_0014,java,gaussian_sigma_4,0.7195338318705815
rq0_0015,java,gaussian_sigma_1,0.9386304178026448
rq0_0015,java,gaussian_sigma_2,0.8409254206905987
rq0_0015,java,gaussian_sigma_4,0.7763299816834605
rq0_0016,java,gaussian_sigma_1,0.91774448267642
rq0_0016,java,gaussian_sigma_2,0.7867770481773118
rq0_0016,java,gaussian_sigma_4,0.7095256442018142
rq0_0017,java,gaussian_sigma_1,0.9369390886293396
rq0_0017,java,gaussian_sigma_2,0.8360414656232579
rq0_0017,java,gaussian_sigma_4,0.771778373018531
rq0_0018,java,gaussian_sigma_1,0.9207752553530986
rq0_0018,java,gaussian_sigma_2,0.7951060831323336
rq0_0018,java,gaussian_sigma_4,0.7143228026699379
rq0_0019,java,gaussian_sigma_1,0.9551038337807446
rq0_0019,java,gaussian_sigma_2,0.8832421714940452
rq0_0019,java,gaussian_sigma_4,0.8356731399552579
rq0_0020,java,gaussian_sigma_1,0.9269735531772412
rq0_0020,java,gaussian_sigma_2,0.807601998614231
rq0_0020,java,gaussian_sigma_4,0.7374358908410401
rq0_0021,java,gaussian_sigma_1,0.927763848124754
rq0_0021,java,gaussian_sigma_2,0.8139349247975819
rq0_0021,java,gaussian_sigma_4,0.7408023549009188
rq0_0022,java,gaussian_sigma_1,0.9294545497295935
rq0_0022,java,gaussian_sigma_2,0.8180931266397895
rq0_0022,java,gaussian_sigma_4,0.7460005527214871
rq0_0023,java,gaussian_sigma_1,0.9059417039977373
rq0_0023,java,gaussian_sigma_2,0.7592465938077648
rq0_0023,java,gaussian_sigma_4,0.6694832182419367
rq0_0024,java,gaussian_sigma_1,0.9252207213150117
rq0_0024,java,gaussian_sigma_2,0.8048940197916452
rq0_0024,java,gaussian_sigma_4,0.7239154360979105
rq0_0025,java,gaussian_sigma_1,0.9188187234985136
rq0_0025,java,gaussian_sigma_2,0.7875177982456689
rq0_0025,java,gaussian_sigma_4,0.7100278708548791
rq0_0026,java,gaussian_sigma_1,0.9133019776811574
rq0_0026,java,gaussian_sigma_2,0.7759368374434535
rq0_0026,java,gaussian_sigma_4,0.6947957794065855
rq0_0027,java,gaussian_sigma_1,0.9617462162291583
rq0_0027,java,gaussian_sigma_2,0.898727189154157
rq0_0027,java,gaussian_sigma_4,0.8565147835482708
rq0_0028,java,gaussian_sigma_1,0.9103907653941272
rq0_0028,java,gaussian_sigma_2,0.7636953413251114
rq0_0028,java,gaussian_sigma_4,0.6783817085979832
rq0_0029,java,gaussian_sigma_1,0.9176104693470993
rq0_0029,java,gaussian_sigma_2,0.7867240136728298
rq0_0029,java,gaussian_sigma_4,0.7043073418677009
rq0_0030,java,gaussian_sigma_1,0.9293332905284571
rq0_0030,java,gaussian_sigma_2,0.8143369509740164
rq0_0030,java,gaussian_sigma_4,0.7451241987446426
rq0_0031,java,gaussian_sigma_1,0.9221505411356037
rq0_0031,java,gaussian_sigma_2,0.7939703926102046
rq0_0031,java,gaussian_sigma_4,0.7184142955172853
rq0_0032,java,gaussian_sigma_1,0.9359939793549265
rq0_0032,java,gaussian_sigma_2,0.8333824842383342
rq0_0032,java,gaussian_sigma_4,0.7699296052949095
rq0_0033,java,gaussian_sigma_1,0.9113699577535755
rq0_0033,java,gaussian_sigma_2,0.7651760696376094
rq0_0033,java,gaussian_sigma_4,0.6736936562808769
rq0_0034,java,gaussian_sigma_1,0.9240817499594357
rq0_0034,java,gaussian_sigma_2,0.802899081187514
rq0_0034,java,gaussian_sigma_4,0.7269740262115443
rq0_0035,java,gaussian_sigma_1,0.9160900245838972
rq0_0035,java,gaussian_sigma_2,0.7825575203714491
rq0_0035,java,gaussian_sigma_4,0.6972254483634726
rq0_0036,java,gaussian_sigma_1,0.9213693744409225
rq0_0036,java,gaussian_sigma_2,0.794561666347484
rq0_0036,java,gaussian_sigma_4,0.719376823119764
rq0_0037,java,gaussian_sigma_1,0.9455094796564599
rq0_0037,java,gaussian_sigma_2,0.8559928242824997
rq0_0037,java,gaussian_sigma_4,0.8010706238185853
rq0_0038,java,gaussian_sigma_1,0.9232286570261029
rq0_0038,java,gaussian_sigma_2,0.8016289322221088
rq0_0038,java,gaussian_sigma_4,0.726290805803505
rq0_0039,java,gaussian_sigma_1,0.9469088876002322
rq0_0039,java,gaussian_sigma_2,0.8638936095761905
rq0_0039,java,gaussian_sigma_4,0.8119736250376147
rq0_0040,java,gaussian_sigma_1,0.915194005740377
rq0_0040,java,gaussian_sigma_2,0.7783692648500239
rq0_0040,java,gaussian_sigma_4,0.6986879159389137
rq0_0041,java,gaussian_sigma_1,0.9301579406906059
rq0_0041,java,gaussian_sigma_2,0.8202926940148366
rq0_0041,java,gaussian_sigma_4,0.7505539287276165
rq0_0042,java,gaussian_sigma_1,0.9561319219380238
rq0_0042,java,gaussian_sigma_2,0.8863560205689631
rq0_0042,java,gaussian_sigma_4,0.8417514506564913
rq0_0043,java,gaussian_sigma_1,0.8968684820288227
rq0_0043,java,gaussian_sigma_2,0.7317284548178787
rq0_0043,java,gaussian_sigma_4,0.6223414866659177
rq0_0044,java,gaussian_sigma_1,0.9268610819078583
rq0_0044,java,gaussian_sigma_2,0.8062923909851367
rq0_0044,java,gaussian_sigma_4,0.7292100856910313
rq0_0045,java,gaussian_sigma_1,0.9372179892701363
rq0_0045,java,gaussian_sigma_2,0.836656601437122
rq0_0045,java,gaussian_sigma_4,0.7772217396344082
rq0_0046,java,gaussian_sigma_1,0.9278157536718278
rq0_0046,java,gaussian_sigma_2,0.8105097802099669
rq0_0046,java,gaussian_sigma_4,0.741611202257039
rq0_0047,java,gaussian_sigma_1,0.9662015292216318
rq0_0047,java,gaussian_sigma_2,0.9099101481621417
rq0_0047,java,gaussian_sigma_4,0.8719296564394502
rq0_0048,java,gaussian_sigma_1,0.956281825215369
rq0_0048,java,gaussian_sigma_2,0.885237053075875
rq0_0048,java,gaussian_sigma_4,0.8407136122851835
rq0_0049,java,gaussian_sigma_1,0.945821893237036
rq0_0049,java,gaussian_sigma_2,0.8604120441701054
rq0_0049,java,gaussian_sigma_4,0.8036106502623115
rq0_0050,java,gaussian_sigma_1,0.9106001997370958
rq0_0050,java,gaussian_sigma_2,0.7695861834463967
rq0_0050,java,gaussian_sigma_4,0.6812301812744276
rq0_0051,java,gaussian_sigma_1,0.9211683447757713
rq0_0051,java,gaussian_sigma_2,0.7984591920025311
rq0_0051,java,gaussian_sigma_4,0.722602825769138
rq0_0052,java,gaussian_sigma_1,0.9066586477792624
rq0_0052,java,gaussian_sigma_2,0.7512532385838258
rq0_0052,java,gaussian_sigma_4,0.6691113617687999
rq0_0053,java,gaussian_sigma_1,0.9175940372481998
rq0_0053,java,gaussian_sigma_2,0.7829964812590604
rq0_0053,java,gaussian_sigma_4,0.6996225769229438
rq0_0054,java,gaussian_sigma_1,0.9348963590760104
rq0_0054,java,gaussian_sigma_2,0.8286640549994155
rq0_0054,java,gaussian_sigma_4,0.7665365508239402
rq0_0055,java,gaussian_sigma_1,0.9328596394323788
rq0_0055,java,gaussian_sigma_2,0.8256201231688759
rq0_0055,java,gaussian_sigma_4,0.756575025221497
rq0_0056,java,gaussian_sigma_1,0.868662036229025
rq0_0056,java,gaussian_sigma_2,0.6569300274933757
rq0_0056,java,gaussian_sigma_4,0.5378644307688475
rq0_0057,java,gaussian_sigma_1,0.9353989171162902
rq0_0057,java,gaussian_sigma_2,0.8273147464974914
rq0_0057,java,gaussian_sigma_4,0.7565371944030529
rq0_0058,java,gaussian_sigma_1,0.9417353882713626
rq0_0058,java,gaussian_sigma_2,0.8451818504493401
rq0_0058,java,gaussian_sigma_4,0.7891329275048832
rq0_0059,java,gaussian_sigma_1,0.9471854527450524
rq0_0059,java,gaussian_sigma_2,0.8593094441494675
rq0_0059,java,gaussian_sigma_4,0.8050239700940228
rq0_0060,java,gaussian_sigma_1,0.9482629828393581
rq0_0060,java,gaussian_sigma_2,0.8658685689524757
rq0_0060,java,gaussian_sigma_4,0.8139704747381143
rq0_0061,java,gaussian_sigma_1,0.9065690626047944
rq0_0061,java,gaussian_sigma_2,0.755249546597134
rq0_0061,java,gaussian_sigma_4,0.6678614450794585
rq0_0062,java,gaussian_sigma_1,0.9170144579267455
rq0_0062,java,gaussian_sigma_2,0.7876269864787174
rq0_0062,java,gaussian_sigma_4,0.712946670557578
rq0_0063,java,gaussian_sigma_1,0.8979219795269922
rq0_0063,java,gaussian_sigma_2,0.7372676039168439
rq0_0063,java,gaussian_sigma_4,0.644015688775146
rq0_0064,java,gaussian_sigma_1,0.9111375044687673
rq0_0064,java,gaussian_sigma_2,0.7666617842975137
rq0_0064,java,gaussian_sigma_4,0.6745106082721278
rq0_0065,java,gaussian_sigma_1,0.9532528294178609
rq0_0065,java,gaussian_sigma_2,0.8768411188777336
rq0_0065,java,gaussian_sigma_4,0.8295609770415512
rq0_0066,java,gaussian_sigma_1,0.9212140023738357
rq0_0066,java,gaussian_sigma_2,0.7970603211543947
rq0_0066,java,gaussian_sigma_4,0.722457925745618
rq0_0067,java,gaussian_sigma_1,0.9317388514625377
rq0_0067,java,gaussian_sigma_2,0.822673106623184
rq0_0067,java,gaussian_sigma_4,0.7514947293507346
rq0_0068,java,gaussian_sigma_1,0.9245800909620573
rq0_0068,java,gaussian_sigma_2,0.802638865938198
rq0_0068,java,gaussian_sigma_4,0.7277678837378484
rq0_0069,java,gaussian_sigma_1,0.949022972486
rq0_0069,java,gaussian_sigma_2,0.8678207714185988
rq0_0069,java,gaussian_sigma_4,0.8158655317373054
rq0_0070,java,gaussian_sigma_1,0.9216922626575044
rq0_0070,java,gaussian_sigma_2,0.7941789022122373
rq0_0070,java,gaussian_sigma_4,0.712506367213312
rq0_0071,java,gaussian_sigma_1,0.9190368101064715
rq0_0071,java,gaussian_sigma_2,0.7904573221848618
rq0_0071,java,gaussian_sigma_4,0.7125946670591964
rq0_0072,java,gaussian_sigma_1,0.9162443134889878
rq0_0072,java,gaussian_sigma_2,0.7855974580304698
rq0_0072,java,gaussian_sigma_4,0.7050608834881168
rq0_0073,java,gaussian_sigma_1,0.9157660773098478
rq0_0073,java,gaussian_sigma_2,0.7762680165776875
rq0_0073,java,gaussian_sigma_4,0.6945644872461697
rq0_0074,java,gaussian_sigma_1,0.9458614882099362
rq0_0074,java,gaussian_sigma_2,0.8600639268092675
rq0_0074,java,gaussian_sigma_4,0.806405340898046
rq0_0075,java,gaussian_sigma_1,0.9259569320114053
rq0_0075,java,gaussian_sigma_2,0.8080351157316858
rq0_0075,java,gaussian_sigma_4,0.7311314893152346
rq0_0076,java,gaussian_sigma_1,0.8891493944944475
rq0_0076,java,gaussian_sigma_2,0.713068837399053
rq0_0076,java,gaussian_sigma_4,0.6034815666562381
rq0_0077,java,gaussian_sigma_1,0.957888151971155
rq0_0077,java,gaussian_sigma_2,0.8895892206975344
rq0_0077,java,gaussian_sigma_4,0.8449360637491145
rq0_0078,java,gaussian_sigma_1,0.9229704447699539
rq0_0078,java,gaussian_sigma_2,0.7938663152134443
rq0_0078,java,gaussian_sigma_4,0.7216988642626757
rq0_0079,java,gaussian_sigma_1,0.936063917611791
rq0_0079,java,gaussian_sigma_2,0.8328796650541478
rq0_0079,java,gaussian_sigma_4,0.7707266076726583
rq0_0080,java,gaussian_sigma_1,0.9492823398666322
rq0_0080,java,gaussian_sigma_2,0.8671639952753103
rq0_0080,java,gaussian_sigma_4,0.8144678006795373
rq0_0081,java,gaussian_sigma_1,0.9043709066460733
rq0_0081,java,gaussian_sigma_2,0.754184643680523
rq0_0081,java,gaussian_sigma_4,0.6633574854329831
rq0_0082,java,gaussian_sigma_1,0.9118453187058128
rq0_0082,java,gaussian_sigma_2,0.7635936781817682
rq0_0082,java,gaussian_sigma_4,0.6785562242153431
rq0_0083,java,gaussian_sigma_1,0.9298627770763778
rq0_0083,java,gaussian_sigma_2,0.8160261156038956
rq0_0083,java,gaussian_sigma_4,0.7464040576433465
rq0_0084,java,gaussian_sigma_1,0.9491393004726799
rq0_0084,java,gaussian_sigma_2,0.8674201470691809
rq0_0084,java,gaussian_sigma_4,0.8130883841942235
rq0_0085,java,gaussian_sigma_1,0.920703143643101
rq0_0085,java,gaussian_sigma_2,0.7955599719031147
rq0_0085,java,gaussian_sigma_4,0.7172662236684969
rq0_0086,java,gaussian_sigma_1,0.9263686472843687
rq0_0086,java,gaussian_sigma_2,0.8078152131877195
rq0_0086,java,gaussian_sigma_4,0.7365853904774101
rq0_0087,java,gaussian_sigma_1,0.958063099704965
rq0_0087,java,gaussian_sigma_2,0.8874579871981695
rq0_0087,java,gaussian_sigma_4,0.8416907319204068
rq0_0088,java,gaussian_sigma_1,0.9154316395931396
rq0_0088,java,gaussian_sigma_2,0.7801794200360085
rq0_0088,java,gaussian_sigma_4,0.692779364608953
rq0_0089,java,gaussian_sigma_1,0.9066221612786394
rq0_0089,java,gaussian_sigma_2,0.7546603289761663
rq0_0089,java,gaussian_sigma_4,0.6578024706153348
rq0_0090,java,gaussian_sigma_1,0.9389433933642044
rq0_0090,java,gaussian_sigma_2,0.8394828374844584
rq0_0090,java,gaussian_sigma_4,0.7756454682885656
rq0_0091,java,gaussian_sigma_1,0.9193169404886782
rq0_0091,java,gaussian_sigma_2,0.7895627891611259
rq0_0091,java,gaussian_sigma_4,0.7128981153026546
rq0_0092,java,gaussian_sigma_1,0.9724340870948601
rq0_0092,java,gaussian_sigma_2,0.9293625134622129
rq0_0092,java,gaussian_sigma_4,0.9008902850233272
rq0_0093,java,gaussian_sigma_1,0.9183922987874319
rq0_0093,java,gaussian_sigma_2,0.7864050531395144
rq0_0093,java,gaussian_sigma_4,0.701632373139217
rq0_0094,java,gaussian_sigma_1,0.9427324054618262
rq0_0094,java,gaussian_sigma_2,0.8508590754295478
rq0_0094,java,gaussian_sigma_4,0.7941531799075578
rq0_0095,java,gaussian_sigma_1,0.9250024722389641
rq0_0095,java,gaussian_sigma_2,0.8034222987747333
rq0_0095,java,gaussian_sigma_4,0.724735444941312
rq0_0096,java,gaussian_sigma_1,0.9040066053295712
rq0_0096,java,gaussian_sigma_2,0.7506539466209237
rq0_0096,java,gaussian_sigma_4,0.6529817855881873
rq0_0097,java,gaussian_sigma_1,0.9267919293193168
rq0_0097,java,gaussian_sigma_2,0.8074408183714737
rq0_0097,java,gaussian_sigma_4,0.7378176955695149
rq0_0098,java,gaussian_sigma_1,0.8979548887974801
rq0_0098,java,gaussian_sigma_2,0.7351280097297788
rq0_0098,java,gaussian_sigma_4,0.6373240857919432
rq0_0099,java,gaussian_sigma_1,0.954314672237052
rq0_0099,java,gaussian_sigma_2,0.8792502445577538
rq0_0099,java,gaussian_sigma_4,0.8304803787889817
rq0_0100,java,gaussian_sigma_1,0.9277496671468878
rq0_0100,java,gaussian_sigma_2,0.8077176815983659
rq0_0100,java,gaussian_sigma_4,0.7326704596149712
rq0_0101,java,gaussian_sigma_1,0.9078433294650776
rq0_0101,java,gaussian_sigma_2,0.7584131163216575
rq0_0101,java,gaussian_sigma_4,0.6680762846937478
rq0_0102,java,gaussian_sigma_1,0.971317441495577
rq0_0102,java,gaussian_sigma_2,0.9253354853081598
rq0_0102,java,gaussian_sigma_4,0.8938895194221405
rq0_0103,java,gaussian_sigma_1,0.9111791389394032
rq0_0103,java,gaussian_sigma_2,0.7680250421462619
rq0_0103,java,gaussian_sigma_4,0.6815750632080441
rq0_0104,java,gaussian_sigma_1,0.9572312905163288
rq0_0104,java,gaussian_sigma_2,0.8866790788176074
rq0_0104,java,gaussian_sigma_4,0.8411097483132864
rq0_0105,java,gaussian_sigma_1,0.9562913472404614
rq0_0105,java,gaussian_sigma_2,0.8854107078557508
rq0_0105,java,gaussian_sigma_4,0.8386303737622787
rq0_0106,java,gaussian_sigma_1,0.9399501526881627
rq0_0106,java,gaussian_sigma_2,0.8410927384640144
rq0_0106,java,gaussian_sigma_4,0.7789757520205072
rq0_0107,java,gaussian_sigma_1,0.9464448604609103
rq0_0107,java,gaussian_sigma_2,0.8589637774885469
rq0_0107,java,gaussian_sigma_4,0.8006176541667008
rq0_0108,java,gaussian_sigma_1,0.9638850686554123
rq0_0108,java,gaussian_sigma_2,0.9055401617591183
rq0_0108,java,gaussian_sigma_4,0.8658232247582891
rq0_0109,java,gaussian_sigma_1,0.9347400975417878
rq0_0109,java,gaussian_sigma_2,0.8290996089756936
rq0_0109,java,gaussian_sigma_4,0.7627851368886441
rq0_0110,java,gaussian_sigma_1,0.9785436331361614
rq0_0110,java,gaussian_sigma_2,0.9432825736411594
rq0_0110,java,gaussian_sigma_4,0.918695142619559
rq0_0111,java,gaussian_sigma_1,0.9538114893200182
rq0_0111,java,gaussian_sigma_2,0.8774473015079124
rq0_0111,java,gaussian_sigma_4,0.8312717957902512
rq0_0112,java,gaussian_sigma_1,0.9377821434026377
rq0_0112,java,gaussian_sigma_2,0.8360049227795726
rq0_0112,java,gaussian_sigma_4,0.772191096836976
rq0_0113,java,gaussian_sigma_1,0.943180021312716
rq0_0113,java,gaussian_sigma_2,0.8493677991789
rq0_0113,java,gaussian_sigma_4,0.7916678734522384
rq0_0114,java,gaussian_sigma_1,0.9301752839832621
rq0_0114,java,gaussian_sigma_2,0.8159800679780562
rq0_0114,java,gaussian_sigma_4,0.7418786107424576
rq0_0115,java,gaussian_sigma_1,0.9638528780579102
rq0_0115,java,gaussian_sigma_2,0.9060398948466718
rq0_0115,java,gaussian_sigma_4,0.867114621940063
rq0_0116,java,gaussian_sigma_1,0.9236116827474851
rq0_0116,java,gaussian_sigma_2,0.7968575084700804
rq0_0116,java,gaussian_sigma_4,0.7204238408291713
rq0_0117,java,gaussian_sigma_1,0.9644310907312191
rq0_0117,java,gaussian_sigma_2,0.9054428537419392
rq0_0117,java,gaussian_sigma_4,0.8688138785072579
rq0_0118,java,gaussian_sigma_1,0.9255623693958844
rq0_0118,java,gaussian_sigma_2,0.8019518596754999
rq0_0118,java,gaussian_sigma_4,0.7255674746016784
rq0_0119,java,gaussian_sigma_1,0.9512615467048157
rq0_0119,java,gaussian_sigma_2,0.8706159512970469
rq0_0119,java,gaussian_sigma_4,0.8164021360331608
rq0_0120,java,gaussian_sigma_1,0.9507429966524263
rq0_0120,java,gaussian_sigma_2,0.8713556216797173
rq0_0120,java,gaussian_sigma_4,0.821596045099898
rq0_0121,java,gaussian_sigma_1,0.9413959859605878
rq0_0121,java,gaussian_sigma_2,0.8436421157312605
rq0_0121,java,gaussian_sigma_4,0.7829605278849964
rq0_0122,java,gaussian_sigma_1,0.9315973962934988
rq0_0122,java,gaussian_sigma_2,0.8211952489832566
rq0_0122,java,gaussian_sigma_4,0.7501082906231504
rq0_0123,java,gaussian_sigma_1,0.9539992007467265
rq0_0123,java,gaussian_sigma_2,0.8787828200338259
rq0_0123,java,gaussian_sigma_4,0.8299880343342059
rq0_0124,java,gaussian_sigma_1,0.9344538970847495
rq0_0124,java,gaussian_sigma_2,0.8276474799401021
rq0_0124,java,gaussian_sigma_4,0.7615415135126772
rq0_0125,java,gaussian_sigma_1,0.8937960465852761
rq0_0125,java,gaussian_sigma_2,0.7197241503725372
rq0_0125,java,gaussian_sigma_4,0.6163737401503646
rq0_0126,java,gaussian_sigma_1,0.8897836753521053
rq0_0126,java,gaussian_sigma_2,0.7137754620218368
rq0_0126,java,gaussian_sigma_4,0.6087457434372207
rq0_0127,java,gaussian_sigma_1,0.9462250185300292
rq0_0127,java,gaussian_sigma_2,0.85792154488085
rq0_0127,java,gaussian_sigma_4,0.8023179885761514
rq0_0128,java,gaussian_sigma_1,0.933569037085168
rq0_0128,java,gaussian_sigma_2,0.8248373039127235
rq0_0128,java,gaussian_sigma_4,0.7550417626581055
rq0_0129,java,gaussian_sigma_1,0.9632036445979372
rq0_0129,java,gaussian_sigma_2,0.9016767974012375
rq0_0129,java,gaussian_sigma_4,0.862427259468685
rq0_0130,java,gaussian_sigma_1,0.9401781107112434
rq0_0130,java,gaussian_sigma_2,0.8414237892360239
rq0_0130,java,gaussian_sigma_4,0.7771501056025759
rq0_0131,java,gaussian_sigma_1,0.9522614269255065
rq0_0131,java,gaussian_sigma_2,0.874496862231855
rq0_0131,java,gaussian_sigma_4,0.8229766984953972
rq0_0132,java,gaussian_sigma_1,0.9562307491243832
rq0_0132,java,gaussian_sigma_2,0.8832600112779154
rq0_0132,java,gaussian_sigma_4,0.8376248025934938
rq0_0133,java,gaussian_sigma_1,0.9331349200201352
rq0_0133,java,gaussian_sigma_2,0.8242191865874483
rq0_0133,java,gaussian_sigma_4,0.7524804134424352
rq0_0134,java,gaussian_sigma_1,0.9645736960328203
rq0_0134,java,gaussian_sigma_2,0.9071892061718473
rq0_0134,java,gaussian_sigma_4,0.8688618987898167
rq0_0135,java,gaussian_sigma_1,0.8948164479429884
rq0_0135,java,gaussian_sigma_2,0.7200441224131207
rq0_0135,java,gaussian_sigma_4,0.6165961845517376
rq0_0136,java,gaussian_sigma_1,0.9491060070440186
rq0_0136,java,gaussian_sigma_2,0.8649809424653894
rq0_0136,java,gaussian_sigma_4,0.8096737563741382
rq0_0137,java,gaussian_sigma_1,0.897401534682026
rq0_0137,java,gaussian_sigma_2,0.7297685835881755
rq0_0137,java,gaussian_sigma_4,0.6354703302942651
rq0_0138,java,gaussian_sigma_1,0.931747490008207
rq0_0138,java,gaussian_sigma_2,0.8199805545874835
rq0_0138,java,gaussian_sigma_4,0.7532246515837447
rq0_0139,java,gaussian_sigma_1,0.9556714663039291
rq0_0139,java,gaussian_sigma_2,0.8835282012952406
rq0_0139,java,gaussian_sigma_4,0.8369774712803348
rq0_0140,java,gaussian_sigma_1,0.9334501697809707
rq0_0140,java,gaussian_sigma_2,0.8250969594358439
rq0_0140,java,gaussian_sigma_4,0.7567170441773962
rq0_0141,java,gaussian_sigma_1,0.9301556801829222
rq0_0141,java,gaussian_sigma_2,0.8133506368202973
rq0_0141,java,gaussian_sigma_4,0.7377367035048592
rq0_0142,java,gaussian_sigma_1,0.9460265054175769
rq0_0142,java,gaussian_sigma_2,0.8576612692762938
rq0_0142,java,gaussian_sigma_4,0.7994581415150345
rq0_0143,java,gaussian_sigma_1,0.8750119250814007
rq0_0143,java,gaussian_sigma_2,0.6748161994774918
rq0_0143,java,gaussian_sigma_4,0.5650480231321329
rq0_0144,java,gaussian_sigma_1,0.91799169476515
rq0_0144,java,gaussian_sigma_2,0.785319795114568
rq0_0144,java,gaussian_sigma_4,0.6999894055860091
rq0_0145,java,gaussian_sigma_1,0.9738854133400916
rq0_0145,java,gaussian_sigma_2,0.9305191818342268
rq0_0145,java,gaussian_sigma_4,0.9031674544248892
rq0_0146,java,gaussian_sigma_1,0.9244477962934652
rq0_0146,java,gaussian_sigma_2,0.7947092617149636
rq0_0146,java,gaussian_sigma_4,0.7194551888877193
rq0_0147,java,gaussian_sigma_1,0.9304646234466287
rq0_0147,java,gaussian_sigma_2,0.8131559322563687
rq0_0147,java,gaussian_sigma_4,0.7457168841578365
rq0_0148,java,gaussian_sigma_1,0.926030842502585
rq0_0148,java,gaussian_sigma_2,0.8049627056054138
rq0_0148,java,gaussian_sigma_4,0.7286480062971465
rq0_0149,java,gaussian_sigma_1,0.9419762264754302
rq0_0149,java,gaussian_sigma_2,0.8447238010648879
rq0_0149,java,gaussian_sigma_4,0.7855377795344393
rq0_0150,java,gaussian_sigma_1,0.9733828162888737
rq0_0150,java,gaussian_sigma_2,0.9306363235322261
rq0_0150,java,gaussian_sigma_4,0.9012806706003175
rq0_0151,java,gaussian_sigma_1,0.9371894604860939
rq0_0151,java,gaussian_sigma_2,0.8350019481531192
rq0_0151,java,gaussian_sigma_4,0.7701268054279632
rq0_0152,java,gaussian_sigma_1,0.948002313039568
rq0_0152,java,gaussian_sigma_2,0.8612814070248577
rq0_0152,java,gaussian_sigma_4,0.8056115453859877
rq0_0153,java,gaussian_sigma_1,0.9543097493808083
rq0_0153,java,gaussian_sigma_2,0.8791806734747367
rq0_0153,java,gaussian_sigma_4,0.8321381637277115
rq0_0154,java,gaussian_sigma_1,0.9596313460167419
rq0_0154,java,gaussian_sigma_2,0.8931765905739928
rq0_0154,java,gaussian_sigma_4,0.8491235775753401
rq0_0155,java,gaussian_sigma_1,0.9562250995646115
rq0_0155,java,gaussian_sigma_2,0.8843420150764943
rq0_0155,java,gaussian_sigma_4,0.8371754581955574
rq0_0156,java,gaussian_sigma_1,0.9498598362012811
rq0_0156,java,gaussian_sigma_2,0.8682188570099321
rq0_0156,java,gaussian_sigma_4,0.8155686545130715
rq0_0157,java,gaussian_sigma_1,0.9139118817243244
rq0_0157,java,gaussian_sigma_2,0.7725030491721884
rq0_0157,java,gaussian_sigma_4,0.6838622383165832
rq0_0158,java,gaussian_sigma_1,0.9593356794579702
rq0_0158,java,gaussian_sigma_2,0.8940422589007371
rq0_0158,java,gaussian_sigma_4,0.8513334626685621
rq0_0159,java,gaussian_sigma_1,0.916383784906027
rq0_0159,java,gaussian_sigma_2,0.7813967887580978
rq0_0159,java,gaussian_sigma_4,0.698196344633094
rq0_0160,java,gaussian_sigma_1,0.9364878039728289
rq0_0160,java,gaussian_sigma_2,0.8347252163495801
rq0_0160,java,gaussian_sigma_4,0.7699042050946797
rq0_0161,java,gaussian_sigma_1,0.9446643486219547
rq0_0161,java,gaussian_sigma_2,0.8545679418475434
rq0_0161,java,gaussian_sigma_4,0.7977736746903883
rq0_0162,java,gaussian_sigma_1,0.9200861485657642
rq0_0162,java,gaussian_sigma_2,0.7905882648000978
rq0_0162,java,gaussian_sigma_4,0.7131959062718032
rq0_0163,java,gaussian_sigma_1,0.9446201743678596
rq0_0163,java,gaussian_sigma_2,0.855011718406443
rq0_0163,java,gaussian_sigma_4,0.7952528096370571
rq0_0164,java,gaussian_sigma_1,0.9384701430704325
rq0_0164,java,gaussian_sigma_2,0.836335309866605
rq0_0164,java,gaussian_sigma_4,0.7740040904277871
rq0_0165,java,gaussian_sigma_1,0.9531924773752176
rq0_0165,java,gaussian_sigma_2,0.8764336775040054
rq0_0165,java,gaussian_sigma_4,0.8257283640173143
rq0_0166,java,gaussian_sigma_1,0.9277902495911005
rq0_0166,java,gaussian_sigma_2,0.8095787586706576
rq0_0166,java,gaussian_sigma_4,0.7395463143153771
rq0_0167,java,gaussian_sigma_1,0.9261168004284634
rq0_0167,java,gaussian_sigma_2,0.8047092786472668
rq0_0167,java,gaussian_sigma_4,0.7321887316765615
rq0_0168,java,gaussian_sigma_1,0.9590832199843881
rq0_0168,java,gaussian_sigma_2,0.8908245355999265
rq0_0168,java,gaussian_sigma_4,0.8461099105055432
rq0_0169,java,gaussian_sigma_1,0.9248320107144435
rq0_0169,java,gaussian_sigma_2,0.7987538510640123
rq0_0169,java,gaussian_sigma_4,0.7201670734071924
rq0_0170,java,gaussian_sigma_1,0.9360609717860542
rq0_0170,java,gaussian_sigma_2,0.8319600495025368
rq0_0170,java,gaussian_sigma_4,0.7643648947797711
rq0_0171,java,gaussian_sigma_1,0.9502859843284152
rq0_0171,java,gaussian_sigma_2,0.8682906174877147
rq0_0171,java,gaussian_sigma_4,0.8163218395515468
rq0_0172,java,gaussian_sigma_1,0.9505332418181367
rq0_0172,java,gaussian_sigma_2,0.8694142588415296
rq0_0172,java,gaussian_sigma_4,0.8180414669082601
rq0_0173,java,gaussian_sigma_1,0.9160286866342068
rq0_0173,java,gaussian_sigma_2,0.7721799752938466
rq0_0173,java,gaussian_sigma_4,0.6892448079089536
rq0_0174,java,gaussian_sigma_1,0.9238315245655867
rq0_0174,java,gaussian_sigma_2,0.7994384509492355
rq0_0174,java,gaussian_sigma_4,0.7233221337244485
rq0_0175,java,gaussian_sigma_1,0.9194002091496006
rq0_0175,java,gaussian_sigma_2,0.7903674620393839
rq0_0175,java,gaussian_sigma_4,0.7136217815004935
rq0_0176,java,gaussian_sigma_1,0.9348132293035043
rq0_0176,java,gaussian_sigma_2,0.8287049389207034
rq0_0176,java,gaussian_sigma_4,0.7646620318375108
rq0_0177,java,gaussian_sigma_1,0.9183522368894472
rq0_0177,java,gaussian_sigma_2,0.780235929691905
rq0_0177,java,gaussian_sigma_4,0.6959955385104742
rq0_0178,java,gaussian_sigma_1,0.9552510387853769
rq0_0178,java,gaussian_sigma_2,0.8829734250492324
rq0_0178,java,gaussian_sigma_4,0.8402688468874503
rq0_0179,java,gaussian_sigma_1,0.9467728112907329
rq0_0179,java,gaussian_sigma_2,0.8593038717745157
rq0_0179,java,gaussian_sigma_4,0.8017623473390326
rq0_0180,java,gaussian_sigma_1,0.9037983380641773
rq0_0180,java,gaussian_sigma_2,0.7477055778655514
rq0_0180,java,gaussian_sigma_4,0.6548852599029483
rq0_0181,java,gaussian_sigma_1,0.9362110863626284
rq0_0181,java,gaussian_sigma_2,0.8342741706747984
rq0_0181,java,gaussian_sigma_4,0.7688816061762637
rq0_0182,java,gaussian_sigma_1,0.8982850505667828
rq0_0182,java,gaussian_sigma_2,0.7360380559242966
rq0_0182,java,gaussian_sigma_4,0.6423199925400879
rq0_0183,java,gaussian_sigma_1,0.922438101053639
rq0_0183,java,gaussian_sigma_2,0.7956609903777961
rq0_0183,java,gaussian_sigma_4,0.7150579602941121
rq0_0184,java,gaussian_sigma_1,0.9657481427612393
rq0_0184,java,gaussian_sigma_2,0.9093526909868425
rq0_0184,java,gaussian_sigma_4,0.8732817901644366
rq0_0185,java,gaussian_sigma_1,0.9097027557858932
rq0_0185,java,gaussian_sigma_2,0.7607927465677404
rq0_0185,java,gaussian_sigma_4,0.6699800589324892
rq0_0186,java,gaussian_sigma_1,0.9434484279042322
rq0_0186,java,gaussian_sigma_2,0.8503234834274808
rq0_0186,java,gaussian_sigma_4,0.790958663493639
rq0_0187,java,gaussian_sigma_1,0.967765204040094
rq0_0187,java,gaussian_sigma_2,0.9157519420764744
rq0_0187,java,gaussian_sigma_4,0.8807052692631103
rq0_0188,java,gaussian_sigma_1,0.9418719035743313
rq0_0188,java,gaussian_sigma_2,0.8469872553622936
rq0_0188,java,gaussian_sigma_4,0.7914511333074933
rq0_0189,java,gaussian_sigma_1,0.9507238939471042
rq0_0189,java,gaussian_sigma_2,0.8712569940059111
rq0_0189,java,gaussian_sigma_4,0.8199679730052178
rq0_0190,java,gaussian_sigma_1,0.9174282676113967
rq0_0190,java,gaussian_sigma_2,0.7847048006053341
rq0_0190,java,gaussian_sigma_4,0.7017888128198897
rq0_0191,java,gaussian_sigma_1,0.882074790648722
rq0_0191,java,gaussian_sigma_2,0.6944021861968458
rq0_0191,java,gaussian_sigma_4,0.5876316500051808
rq0_0192,java,gaussian_sigma_1,0.955922700111929
rq0_0192,java,gaussian_sigma_2,0.8798604429701823
rq0_0192,java,gaussian_sigma_4,0.8340592648847891
rq0_0193,java,gaussian_sigma_1,0.9165138593595418
rq0_0193,java,gaussian_sigma_2,0.7794949583090754
rq0_0193,java,gaussian_sigma_4,0.6983281045157607
rq0_0194,java,gaussian_sigma_1,0.97030543177312
rq0_0194,java,gaussian_sigma_2,0.9216632800439406
rq0_0194,java,gaussian_sigma_4,0.8899733207876647
rq0_0195,java,gaussian_sigma_1,0.9375401415870637
rq0_0195,java,gaussian_sigma_2,0.8344220689592147
rq0_0195,java,gaussian_sigma_4,0.7712164682553359
rq0_0196,java,gaussian_sigma_1,0.9442681143277446
rq0_0196,java,gaussian_sigma_2,0.8550321144161109
rq0_0196,java,gaussian_sigma_4,0.799942427408661
rq0_0197,java,gaussian_sigma_1,0.9368304474315852
rq0_0197,java,gaussian_sigma_2,0.8337000227379728
rq0_0197,java,gaussian_sigma_4,0.7711840479322128
rq0_0198,java,gaussian_sigma_1,0.9385359962090752
rq0_0198,java,gaussian_sigma_2,0.8402457664864172
rq0_0198,java,gaussian_sigma_4,0.7781303929352669
rq0_0199,java,gaussian_sigma_1,0.9235840712237309
rq0_0199,java,gaussian_sigma_2,0.7979370754025137
rq0_0199,java,gaussian_sigma_4,0.7232150547785899
rq0_0200,java,gaussian_sigma_1,0.8995933166617719
rq0_0200,java,gaussian_sigma_2,0.7414586330053762
rq0_0200,java,gaussian_sigma_4,0.6421443248796193
rq0_0201,java,gaussian_sigma_1,0.92132734677701
rq0_0201,java,gaussian_sigma_2,0.7963410287004398
rq0_0201,java,gaussian_sigma_4,0.717722881705989
rq0_0202,java,gaussian_sigma_1,0.9421894605860223
rq0_0202,java,gaussian_sigma_2,0.8494626391110699
rq0_0202,java,gaussian_sigma_4,0.7876368905689694
rq0_0203,java,gaussian_sigma_1,0.9185328162962718
rq0_0203,java,gaussian_sigma_2,0.7803054444780528
rq0_0203,java,gaussian_sigma_4,0.7001869837365629
rq0_0204,java,gaussian_sigma_1,0.8818593973100944
rq0_0204,java,gaussian_sigma_2,0.6890379244471982
rq0_0204,java,gaussian_sigma_4,0.5720652374793017
rq0_0205,java,gaussian_sigma_1,0.9367229056779656
rq0_0205,java,gaussian_sigma_2,0.8347103439241829
rq0_0205,java,gaussian_sigma_4,0.7753585789512059
rq0_0206,java,gaussian_sigma_1,0.9001461341869811
rq0_0206,java,gaussian_sigma_2,0.7383677169112216
rq0_0206,java,gaussian_sigma_4,0.6436162682183101
rq0_0207,java,gaussian_sigma_1,0.8955251189721466
rq0_0207,java,gaussian_sigma_2,0.724819883352493
rq0_0207,java,gaussian_sigma_4,0.6178994761366932
rq0_0208,java,gaussian_sigma_1,0.9223238087618425
rq0_0208,java,gaussian_sigma_2,0.7930091555193689
rq0_0208,java,gaussian_sigma_4,0.7112504312805803
rq0_0209,java,gaussian_sigma_1,0.9067174753808137
rq0_0209,java,gaussian_sigma_2,0.7557432953342111
rq0_0209,java,gaussian_sigma_4,0.6699686772111205
rq0_0210,java,gaussian_sigma_1,0.9259119399620704
rq0_0210,java,gaussian_sigma_2,0.8027670922204874
rq0_0210,java,gaussian_sigma_4,0.7273006018402864
rq0_0211,java,gaussian_sigma_1,0.9119771738591377
rq0_0211,java,gaussian_sigma_2,0.7681573327208623
rq0_0211,java,gaussian_sigma_4,0.6771401364487795
rq0_0212,java,gaussian_sigma_1,0.9194457849853853
rq0_0212,java,gaussian_sigma_2,0.7874009152137921
rq0_0212,java,gaussian_sigma_4,0.7069833792228183
rq0_0213,java,gaussian_sigma_1,0.929980437507409
rq0_0213,java,gaussian_sigma_2,0.8172584625526814
rq0_0213,java,gaussian_sigma_4,0.7484807260858489
rq0_0214,java,gaussian_sigma_1,0.8953778278937777
rq0_0214,java,gaussian_sigma_2,0.7268713804106768
rq0_0214,java,gaussian_sigma_4,0.6230240652596516
rq0_0215,java,gaussian_sigma_1,0.9216996032639729
rq0_0215,java,gaussian_sigma_2,0.7923835247656722
rq0_0215,java,gaussian_sigma_4,0.7151328859413493
rq0_0216,java,gaussian_sigma_1,0.935047712984398
rq0_0216,java,gaussian_sigma_2,0.8289744060684061
rq0_0216,java,gaussian_sigma_4,0.7634262280280012
rq0_0217,java,gaussian_sigma_1,0.9194297951290696
rq0_0217,java,gaussian_sigma_2,0.7884343235791963
rq0_0217,java,gaussian_sigma_4,0.7059128577487749
rq0_0218,java,gaussian_sigma_1,0.9174809165909213
rq0_0218,java,gaussian_sigma_2,0.7856074678166172
rq0_0218,java,gaussian_sigma_4,0.7047353162853516
rq0_0219,java,gaussian_sigma_1,0.9314967387621319
rq0_0219,java,gaussian_sigma_2,0.8203501133250253
rq0_0219,java,gaussian_sigma_4,0.7525532911532533
rq0_0220,java,gaussian_sigma_1,0.9032576189410663
rq0_0220,java,gaussian_sigma_2,0.7502249525331246
rq0_0220,java,gaussian_sigma_4,0.6589836783983388
rq0_0221,java,gaussian_sigma_1,0.9575365680901283
rq0_0221,java,gaussian_sigma_2,0.8876291422776287
rq0_0221,java,gaussian_sigma_4,0.8424718141053043
rq0_0222,java,gaussian_sigma_1,0.9488842693142644
rq0_0222,java,gaussian_sigma_2,0.8655659687195861
rq0_0222,java,gaussian_sigma_4,0.8129075995436659
rq0_0223,java,gaussian_sigma_1,0.9250359531134135
rq0_0223,java,gaussian_sigma_2,0.8047046556579174
rq0_0223,java,gaussian_sigma_4,0.7344912523982661
rq0_0224,java,gaussian_sigma_1,0.9475077677821956
rq0_0224,java,gaussian_sigma_2,0.8608713892645676
rq0_0224,java,gaussian_sigma_4,0.8067266234077164
rq0_0225,java,gaussian_sigma_1,0.9007310592832319
rq0_0225,java,gaussian_sigma_2,0.739394268486432
rq0_0225,java,gaussian_sigma_4,0.6463102180068253
rq0_0226,java,gaussian_sigma_1,0.9378397357962683
rq0_0226,java,gaussian_sigma_2,0.8368038379679325
rq0_0226,java,gaussian_sigma_4,0.774695344115868
rq0_0227,java,gaussian_sigma_1,0.8948950535700645
rq0_0227,java,gaussian_sigma_2,0.7215013277025913
rq0_0227,java,gaussian_sigma_4,0.6265229133402683
rq0_0228,java,gaussian_sigma_1,0.937058267317047
rq0_0228,java,gaussian_sigma_2,0.8360961654422511
rq0_0228,java,gaussian_sigma_4,0.7748548133746688
rq0_0229,java,gaussian_sigma_1,0.9314597585910013
rq0_0229,java,gaussian_sigma_2,0.8206697161014352
rq0_0229,java,gaussian_sigma_4,0.754190596306009
rq0_0230,java,gaussian_sigma_1,0.9488999749414379
rq0_0230,java,gaussian_sigma_2,0.8664739518188694
rq0_0230,java,gaussian_sigma_4,0.8146635100643486
rq0_0231,java,gaussian_sigma_1,0.9268271000012902
rq0_0231,java,gaussian_sigma_2,0.8076627588340712
rq0_0231,java,gaussian_sigma_4,0.7345359258846121
rq0_0232,java,gaussian_sigma_1,0.936980759859674
rq0_0232,java,gaussian_sigma_2,0.8350083271200378
rq0_0232,java,gaussian_sigma_4,0.7705756392847708
rq0_0233,java,gaussian_sigma_1,0.918233127935988
rq0_0233,java,gaussian_sigma_2,0.7837923154247695
rq0_0233,java,gaussian_sigma_4,0.703217426000189
rq0_0234,java,gaussian_sigma_1,0.8976124604116342
rq0_0234,java,gaussian_sigma_2,0.7303404049919485
rq0_0234,java,gaussian_sigma_4,0.6295424445252977
rq0_0235,java,gaussian_sigma_1,0.9112472876391632
rq0_0235,java,gaussian_sigma_2,0.7693671922974602
rq0_0235,java,gaussian_sigma_4,0.6820403645572704
rq0_0236,java,gaussian_sigma_1,0.9368701773193333
rq0_0236,java,gaussian_sigma_2,0.8330478907906239
rq0_0236,java,gaussian_sigma_4,0.7699898808373046
rq0_0237,java,gaussian_sigma_1,0.9130965483060339
rq0_0237,java,gaussian_sigma_2,0.7718988487709124
rq0_0237,java,gaussian_sigma_4,0.6839851617677454
rq0_0238,java,gaussian_sigma_1,0.8590995836741749
rq0_0238,java,gaussian_sigma_2,0.630913781834914
rq0_0238,java,gaussian_sigma_4,0.48879960512431325
rq0_0239,java,gaussian_sigma_1,0.938410282043891
rq0_0239,java,gaussian_sigma_2,0.8384061345248911
rq0_0239,java,gaussian_sigma_4,0.7744381741564087
rq0_0240,java,gaussian_sigma_1,0.9487152633628
rq0_0240,java,gaussian_sigma_2,0.8647199795521862
rq0_0240,java,gaussian_sigma_4,0.8107846326594482
rq0_0241,java,gaussian_sigma_1,0.920231747986647
rq0_0241,java,gaussian_sigma_2,0.7900834746215457
rq0_0241,java,gaussian_sigma_4,0.7144967688671744
rq0_0242,java,gaussian_sigma_1,0.9034521108564612
rq0_0242,java,gaussian_sigma_2,0.7457846118778816
rq0_0242,java,gaussian_sigma_4,0.6638140848853187
rq0_0243,java,gaussian_sigma_1,0.9176630935098379
rq0_0243,java,gaussian_sigma_2,0.7832973680830458
rq0_0243,java,gaussian_sigma_4,0.7052047347869547
rq0_0244,java,gaussian_sigma_1,0.9446592064682552
rq0_0244,java,gaussian_sigma_2,0.8547611103907782
rq0_0244,java,gaussian_sigma_4,0.7960379468720516
rq0_0245,java,gaussian_sigma_1,0.9200449821296438
rq0_0245,java,gaussian_sigma_2,0.7875494613818158
rq0_0245,java,gaussian_sigma_4,0.7060279485167319
rq0_0246,java,gaussian_sigma_1,0.934804325294866
rq0_0246,java,gaussian_sigma_2,0.8311545051215252
rq0_0246,java,gaussian_sigma_4,0.7675669448809862
rq0_0247,java,gaussian_sigma_1,0.9283815785283327
rq0_0247,java,gaussian_sigma_2,0.8130074499208276
rq0_0247,java,gaussian_sigma_4,0.7376854006631447
rq0_0248,java,gaussian_sigma_1,0.9507238939471042
rq0_0248,java,gaussian_sigma_2,0.8712569940059111
rq0_0248,java,gaussian_sigma_4,0.8199679730052178
rq0_0249,java,gaussian_sigma_1,0.9039676729941094
rq0_0249,java,gaussian_sigma_2,0.749125260135575
rq0_0249,java,gaussian_sigma_4,0.6560395495246852
rq0_0250,java,gaussian_sigma_1,0.9411872099960088
rq0_0250,java,gaussian_sigma_2,0.8438483601121604
rq0_0250,java,gaussian_sigma_4,0.7843351228348342
rq0_0251,java,gaussian_sigma_1,0.9140739813299926
rq0_0251,java,gaussian_sigma_2,0.776610168641081
rq0_0251,java,gaussian_sigma_4,0.6905785396267038
rq0_0252,java,gaussian_sigma_1,0.9461687932661546
rq0_0252,java,gaussian_sigma_2,0.8583074609827405
rq0_0252,java,gaussian_sigma_4,0.800476662678065
rq0_0253,java,gaussian_sigma_1,0.9215927735225399
rq0_0253,java,gaussian_sigma_2,0.7930021940449977
rq0_0253,java,gaussian_sigma_4,0.7144461438077668
rq0_0254,java,gaussian_sigma_1,0.9070014096144371
rq0_0254,java,gaussian_sigma_2,0.7538102227971013
rq0_0254,java,gaussian_sigma_4,0.6603990915683842
rq0_0255,java,gaussian_sigma_1,0.9350926870183617
rq0_0255,java,gaussian_sigma_2,0.8279884709194857
rq0_0255,java,gaussian_sigma_4,0.7612744362398187
rq0_0256,java,gaussian_sigma_1,0.9186396820042376
rq0_0256,java,gaussian_sigma_2,0.7854163543176663
rq0_0256,java,gaussian_sigma_4,0.7027832940009255
rq0_0257,java,gaussian_sigma_1,0.9042417689030158
rq0_0257,java,gaussian_sigma_2,0.7479212384034867
rq0_0257,java,gaussian_sigma_4,0.6551143709881803
rq0_0258,java,gaussian_sigma_1,0.9218294123458278
rq0_0258,java,gaussian_sigma_2,0.7947255724665946
rq0_0258,java,gaussian_sigma_4,0.7152862439647141
rq0_0259,java,gaussian_sigma_1,0.9059259558377862
rq0_0259,java,gaussian_sigma_2,0.7500405369126915
rq0_0259,java,gaussian_sigma_4,0.6569484188220872
rq0_0260,java,gaussian_sigma_1,0.8974161016454819
rq0_0260,java,gaussian_sigma_2,0.7326215455196593
rq0_0260,java,gaussian_sigma_4,0.6288140236240993
rq0_0261,java,gaussian_sigma_1,0.9163251807442334
rq0_0261,java,gaussian_sigma_2,0.7810375336579044
rq0_0261,java,gaussian_sigma_4,0.700116213538824
rq0_0262,java,gaussian_sigma_1,0.9275297484878795
rq0_0262,java,gaussian_sigma_2,0.8079648569593739
rq0_0262,java,gaussian_sigma_4,0.7345634401072907
rq0_0263,java,gaussian_sigma_1,0.9141790528514774
rq0_0263,java,gaussian_sigma_2,0.7773771924487264
rq0_0263,java,gaussian_sigma_4,0.6919033315755178
rq0_0264,java,gaussian_sigma_1,0.9309171719287725
rq0_0264,java,gaussian_sigma_2,0.8183864773144509
rq0_0264,java,gaussian_sigma_4,0.7460323267850485
rq0_0265,java,gaussian_sigma_1,0.9286801863588763
rq0_0265,java,gaussian_sigma_2,0.8095894709754144
rq0_0265,java,gaussian_sigma_4,0.7364054965876307
rq0_0266,java,gaussian_sigma_1,0.9572909267093294
rq0_0266,java,gaussian_sigma_2,0.8873927983341318
rq0_0266,java,gaussian_sigma_4,0.8422051812688466
rq0_0267,java,gaussian_sigma_1,0.9663509580163092
rq0_0267,java,gaussian_sigma_2,0.9118116478023303
rq0_0267,java,gaussian_sigma_4,0.8748063086573442
rq0_0268,java,gaussian_sigma_1,0.9206650605946143
rq0_0268,java,gaussian_sigma_2,0.7932199206197854
rq0_0268,java,gaussian_sigma_4,0.7143336995712647
rq0_0269,java,gaussian_sigma_1,0.9432401891693539
rq0_0269,java,gaussian_sigma_2,0.8521730055639672
rq0_0269,java,gaussian_sigma_4,0.7956712689064186
rq0_0270,java,gaussian_sigma_1,0.9273296407531154
rq0_0270,java,gaussian_sigma_2,0.8073838380556019
rq0_0270,java,gaussian_sigma_4,0.7348106644996029
rq0_0271,java,gaussian_sigma_1,0.9386808607278322
rq0_0271,java,gaussian_sigma_2,0.8399113177870113
rq0_0271,java,gaussian_sigma_4,0.7803614326512053
rq0_0272,java,gaussian_sigma_1,0.9365564191190606
rq0_0272,java,gaussian_sigma_2,0.8337711644657614
rq0_0272,java,gaussian_sigma_4,0.7700203009977026
rq0_0273,java,gaussian_sigma_1,0.9215028213910342
rq0_0273,java,gaussian_sigma_2,0.7951970020302235
rq0_0273,java,gaussian_sigma_4,0.720439876633255
rq0_0274,java,gaussian_sigma_1,0.9278393053231581
rq0_0274,java,gaussian_sigma_2,0.8109365056985757
rq0_0274,java,gaussian_sigma_4,0.7431782072833232
rq0_0275,java,gaussian_sigma_1,0.9156231899425776
rq0_0275,java,gaussian_sigma_2,0.778252082113254
rq0_0275,java,gaussian_sigma_4,0.7003516028610065
rq0_0276,java,gaussian_sigma_1,0.909153262210277
rq0_0276,java,gaussian_sigma_2,0.7639679346271441
rq0_0276,java,gaussian_sigma_4,0.6747676492295879
rq0_0277,java,gaussian_sigma_1,0.907804870552081
rq0_0277,java,gaussian_sigma_2,0.7572211881859644
rq0_0277,java,gaussian_sigma_4,0.6711128954048103
rq0_0278,java,gaussian_sigma_1,0.9293781367021824
rq0_0278,java,gaussian_sigma_2,0.8141181689062575
rq0_0278,java,gaussian_sigma_4,0.7420288172334669
rq0_0279,java,gaussian_sigma_1,0.8845691532790543
rq0_0279,java,gaussian_sigma_2,0.6984670225509725
rq0_0279,java,gaussian_sigma_4,0.5842444030711916
rq0_0280,java,gaussian_sigma_1,0.9592124658494995
rq0_0280,java,gaussian_sigma_2,0.8942295269814754
rq0_0280,java,gaussian_sigma_4,0.853829865887891
rq0_0281,java,gaussian_sigma_1,0.9238030035165896
rq0_0281,java,gaussian_sigma_2,0.7984828625658308
rq0_0281,java,gaussian_sigma_4,0.7224848676492949
rq0_0282,java,gaussian_sigma_1,0.9088024778416753
rq0_0282,java,gaussian_sigma_2,0.7669023836266308
rq0_0282,java,gaussian_sigma_4,0.6893938430325423
rq0_0283,java,gaussian_sigma_1,0.9149052704911904
rq0_0283,java,gaussian_sigma_2,0.77497534965301
rq0_0283,java,gaussian_sigma_4,0.6896669534061065
rq0_0284,java,gaussian_sigma_1,0.9277682647266557
rq0_0284,java,gaussian_sigma_2,0.809194584874866
rq0_0284,java,gaussian_sigma_4,0.7376072925653542
rq0_0285,java,gaussian_sigma_1,0.8929253332181158
rq0_0285,java,gaussian_sigma_2,0.7190111857947875
rq0_0285,java,gaussian_sigma_4,0.6164931744326362
rq0_0286,java,gaussian_sigma_1,0.8888385850631163
rq0_0286,java,gaussian_sigma_2,0.7100424276727854
rq0_0286,java,gaussian_sigma_4,0.6045748872415442
rq0_0287,java,gaussian_sigma_1,0.9704851263542155
rq0_0287,java,gaussian_sigma_2,0.9224075524192824
rq0_0287,java,gaussian_sigma_4,0.8900953832362379
rq0_0288,java,gaussian_sigma_1,0.9408118509426632
rq0_0288,java,gaussian_sigma_2,0.844364427868145
rq0_0288,java,gaussian_sigma_4,0.7850623713041411
rq0_0289,java,gaussian_sigma_1,0.9273882710755242
rq0_0289,java,gaussian_sigma_2,0.810560389755798
rq0_0289,java,gaussian_sigma_4,0.7395079412783114
rq0_0290,java,gaussian_sigma_1,0.9649377283346136
rq0_0290,java,gaussian_sigma_2,0.9079621313885863
rq0_0290,java,gaussian_sigma_4,0.8714087554231464
rq0_0291,java,gaussian_sigma_1,0.92727322348312
rq0_0291,java,gaussian_sigma_2,0.8084898273023748
rq0_0291,java,gaussian_sigma_4,0.736889425550344
rq0_0292,java,gaussian_sigma_1,0.9308959165044302
rq0_0292,java,gaussian_sigma_2,0.8169637279251186
rq0_0292,java,gaussian_sigma_4,0.7494412534539925
rq0_0293,java,gaussian_sigma_1,0.9483215673314288
rq0_0293,java,gaussian_sigma_2,0.8635143448661863
rq0_0293,java,gaussian_sigma_4,0.8114090239146745
rq0_0294,java,gaussian_sigma_1,0.9380642717903126
rq0_0294,java,gaussian_sigma_2,0.8358491634683523
rq0_0294,java,gaussian_sigma_4,0.7711887592952328
rq0_0295,java,gaussian_sigma_1,0.9180584681694374
rq0_0295,java,gaussian_sigma_2,0.7854063301942406
rq0_0295,java,gaussian_sigma_4,0.7049374712753225
rq0_0296,java,gaussian_sigma_1,0.9500539387002632
rq0_0296,java,gaussian_sigma_2,0.86820107944708
rq0_0296,java,gaussian_sigma_4,0.8168765718352047
rq0_0297,java,gaussian_sigma_1,0.9474874979724932
rq0_0297,java,gaussian_sigma_2,0.8623928587518493
rq0_0297,java,gaussian_sigma_4,0.8057901692475955
rq0_0298,java,gaussian_sigma_1,0.9159059985780363
rq0_0298,java,gaussian_sigma_2,0.779128263545927
rq0_0298,java,gaussian_sigma_4,0.6947743041955589
rq0_0299,java,gaussian_sigma_1,0.8753736948044172
rq0_0299,java,gaussian_sigma_2,0.6728726393234874
rq0_0299,java,gaussian_sigma_4,0.5550071869614625
rq0_0300,java,gaussian_sigma_1,0.9408008272012188
rq0_0300,java,gaussian_sigma_2,0.8458047764344555
rq0_0300,java,gaussian_sigma_4,0.7859366730848266
rq0_0301,java,gaussian_sigma_1,0.9371447846921556
rq0_0301,java,gaussian_sigma_2,0.8347715130868131
rq0_0301,java,gaussian_sigma_4,0.7683759060805152
rq0_0302,java,gaussian_sigma_1,0.9136098532665496
rq0_0302,java,gaussian_sigma_2,0.7728921003514341
rq0_0302,java,gaussian_sigma_4,0.6855502703616
rq0_0303,java,gaussian_sigma_1,0.9265878424307368
rq0_0303,java,gaussian_sigma_2,0.8073987384929171
rq0_0303,java,gaussian_sigma_4,0.7315853212589357
rq0_0304,java,gaussian_sigma_1,0.9308729203837135
rq0_0304,java,gaussian_sigma_2,0.8174762757519919
rq0_0304,java,gaussian_sigma_4,0.7461661509657033
rq0_0305,java,gaussian_sigma_1,0.9128457884499753
rq0_0305,java,gaussian_sigma_2,0.7721662836402953
rq0_0305,java,gaussian_sigma_4,0.6879748515461593
rq0_0306,java,gaussian_sigma_1,0.9013012963178868
rq0_0306,java,gaussian_sigma_2,0.7384929691765484
rq0_0306,java,gaussian_sigma_4,0.6391538639513
rq0_0307,java,gaussian_sigma_1,0.932852280849444
rq0_0307,java,gaussian_sigma_2,0.8245550944712238
rq0_0307,java,gaussian_sigma_4,0.7574082551276625
rq0_0308,java,gaussian_sigma_1,0.8749560897557255
rq0_0308,java,gaussian_sigma_2,0.6753665589251812
rq0_0308,java,gaussian_sigma_4,0.5635100489102219
rq0_0309,java,gaussian_sigma_1,0.9235131969654811
rq0_0309,java,gaussian_sigma_2,0.799717629474224
rq0_0309,java,gaussian_sigma_4,0.7230932799190963
rq0_0310,java,gaussian_sigma_1,0.8785562880831961
rq0_0310,java,gaussian_sigma_2,0.6832460572751117
rq0_0310,java,gaussian_sigma_4,0.5585925644445217
rq0_0311,java,gaussian_sigma_1,0.918219979900116
rq0_0311,java,gaussian_sigma_2,0.7869629359289125
rq0_0311,java,gaussian_sigma_4,0.7034490473448874
rq0_0312,java,gaussian_sigma_1,0.9285520857291911
rq0_0312,java,gaussian_sigma_2,0.8140203912974352
rq0_0312,java,gaussian_sigma_4,0.7410449844998531
dorn_python_000,python,gaussian_sigma_1,0.9253953534732745
dorn_python_000,python,gaussian_sigma_2,0.8057235775201864
dorn_python_000,python,gaussian_sigma_4,0.7319642695120518
dorn_python_001,python,gaussian_sigma_1,0.9525603960131068
dorn_python_001,python,gaussian_sigma_2,0.8763683854034113
dorn_python_001,python,gaussian_sigma_4,0.8261649100297325
dorn_python_002,python,gaussian_sigma_1,0.9411457457553593
dorn_python_002,python,gaussian_sigma_2,0.8469815787334793
dorn_python_002,python,gaussian_sigma_4,0.7883457484885524
dorn_python_003,python,gaussian_sigma_1,0.9048253750067659
dorn_python_003,python,gaussian_sigma_2,0.7499147595656287
dorn_python_003,python,gaussian_sigma_4,0.6552045117819376
dorn_python_004,python,gaussian_sigma_1,0.9248534152080324
dorn_python_004,python,gaussian_sigma_2,0.8043143522588329
dorn_python_004,python,gaussian_sigma_4,0.7294783234131598
dorn_python_005,python,gaussian_sigma_1,0.9430605500110466
dorn_python_005,python,gaussian_sigma_2,0.8514414305871528
dorn_python_005,python,gaussian_sigma_4,0.7952888357763501
dorn_python_006,python,gaussian_sigma_1,0.9227023894843972
dorn_python_006,python,gaussian_sigma_2,0.7972804148137387
dorn_python_006,python,gaussian_sigma_4,0.7217482562023712
dorn_python_007,python,gaussian_sigma_1,0.9175649058496657
dorn_python_007,python,gaussian_sigma_2,0.7851420313807438
dorn_python_007,python,gaussian_sigma_4,0.7008728911793529
dorn_python_008,python,gaussian_sigma_1,0.9196645431112138
dorn_python_008,python,gaussian_sigma_2,0.7907798344909117
dorn_python_008,python,gaussian_sigma_4,0.7125512204384566
dorn_python_009,python,gaussian_sigma_1,0.9217550166343959
dorn_python_009,python,gaussian_sigma_2,0.7980523659493864
dorn_python_009,python,gaussian_sigma_4,0.7200310984844167
dorn_python_010,python,gaussian_sigma_1,0.9303332473058791
dorn_python_010,python,gaussian_sigma_2,0.8182560930471184
dorn_python_010,python,gaussian_sigma_4,0.7475537564870948
dorn_python_011,python,gaussian_sigma_1,0.9208481495503035
dorn_python_011,python,gaussian_sigma_2,0.7867736408838418
dorn_python_011,python,gaussian_sigma_4,0.708823924099632
dorn_python_012,python,gaussian_sigma_1,0.9298036761774756
dorn_python_012,python,gaussian_sigma_2,0.8173872015411762
dorn_python_012,python,gaussian_sigma_4,0.7476230232844158
dorn_python_013,python,gaussian_sigma_1,0.9564348091862988
dorn_python_013,python,gaussian_sigma_2,0.8878792245520198
dorn_python_013,python,gaussian_sigma_4,0.8443758274103503
dorn_python_014,python,gaussian_sigma_1,0.9180909356319119
dorn_python_014,python,gaussian_sigma_2,0.7875369308355222
dorn_python_014,python,gaussian_sigma_4,0.7078082110911245
dorn_python_015,python,gaussian_sigma_1,0.9442241219346199
dorn_python_015,python,gaussian_sigma_2,0.8535470279673693
dorn_python_015,python,gaussian_sigma_4,0.8028565400579187
dorn_python_016,python,gaussian_sigma_1,0.9110783189832992
dorn_python_016,python,gaussian_sigma_2,0.7662848922704925
dorn_python_016,python,gaussian_sigma_4,0.679081359681344
dorn_python_017,python,gaussian_sigma_1,0.9137900747965585
dorn_python_017,python,gaussian_sigma_2,0.7744351863704028
dorn_python_017,python,gaussian_sigma_4,0.6907706897998263
dorn_python_018,python,gaussian_sigma_1,0.9154655010296363
dorn_python_018,python,gaussian_sigma_2,0.7766820707789623
dorn_python_018,python,gaussian_sigma_4,0.6959364747662926
dorn_python_019,python,gaussian_sigma_1,0.8952317355309128
dorn_python_019,python,gaussian_sigma_2,0.7205736024758318
dorn_python_019,python,gaussian_sigma_4,0.6164607366204953
dorn_python_020,python,gaussian_sigma_1,0.9306497306509804
dorn_python_020,python,gaussian_sigma_2,0.8186057305340823
dorn_python_020,python,gaussian_sigma_4,0.7471944713398466
dorn_python_021,python,gaussian_sigma_1,0.9293758372538762
dorn_python_021,python,gaussian_sigma_2,0.8151119411500475
dorn_python_021,python,gaussian_sigma_4,0.7450364634198575
dorn_python_022,python,gaussian_sigma_1,0.9339017276797069
dorn_python_022,python,gaussian_sigma_2,0.8285650993727668
dorn_python_022,python,gaussian_sigma_4,0.7670175203737842
dorn_python_023,python,gaussian_sigma_1,0.9031329045851725
dorn_python_023,python,gaussian_sigma_2,0.7476135951514115
dorn_python_023,python,gaussian_sigma_4,0.6539084508023039
dorn_python_024,python,gaussian_sigma_1,0.9315823780046566
dorn_python_024,python,gaussian_sigma_2,0.8203071623503723
dorn_python_024,python,gaussian_sigma_4,0.7565742295169672
dorn_python_025,python,gaussian_sigma_1,0.9404060924748586
dorn_python_025,python,gaussian_sigma_2,0.842647472963174
dorn_python_025,python,gaussian_sigma_4,0.7836099012886014
dorn_python_026,python,gaussian_sigma_1,0.9209348182789266
dorn_python_026,python,gaussian_sigma_2,0.7928926275194516
dorn_python_026,python,gaussian_sigma_4,0.7157050224536515
dorn_python_027,python,gaussian_sigma_1,0.9316015626541705
dorn_python_027,python,gaussian_sigma_2,0.8148417613789096
dorn_python_027,python,gaussian_sigma_4,0.7459161620958298
dorn_python_028,python,gaussian_sigma_1,0.8848642464359112
dorn_python_028,python,gaussian_sigma_2,0.7012291334289816
dorn_python_028,python,gaussian_sigma_4,0.5858077042443971
dorn_python_029,python,gaussian_sigma_1,0.928964157114558
dorn_python_029,python,gaussian_sigma_2,0.8074335733050765
dorn_python_029,python,gaussian_sigma_4,0.7369092274815423
dorn_python_030,python,gaussian_sigma_1,0.9402907132166606
dorn_python_030,python,gaussian_sigma_2,0.8443309133635671
dorn_python_030,python,gaussian_sigma_4,0.785236529275973
dorn_python_031,python,gaussian_sigma_1,0.9432848250259424
dorn_python_031,python,gaussian_sigma_2,0.8520915449088156
dorn_python_031,python,gaussian_sigma_4,0.7967803764690552
dorn_python_032,python,gaussian_sigma_1,0.9454745205171933
dorn_python_032,python,gaussian_sigma_2,0.8571615625600627
dorn_python_032,python,gaussian_sigma_4,0.8023671065941196
dorn_python_033,python,gaussian_sigma_1,0.8902946708536502
dorn_python_033,python,gaussian_sigma_2,0.7131122988877109
dorn_python_033,python,gaussian_sigma_4,0.6087689484473087
dorn_python_034,python,gaussian_sigma_1,0.9379587496530825
dorn_python_034,python,gaussian_sigma_2,0.8392442982170684
dorn_python_034,python,gaussian_sigma_4,0.7807309163721882
dorn_python_035,python,gaussian_sigma_1,0.9481702045645674
dorn_python_035,python,gaussian_sigma_2,0.8646379619525195
dorn_python_035,python,gaussian_sigma_4,0.8093482719661763
dorn_python_036,python,gaussian_sigma_1,0.9337612327603243
dorn_python_036,python,gaussian_sigma_2,0.8301638865895495
dorn_python_036,python,gaussian_sigma_4,0.7631671099995657
dorn_python_037,python,gaussian_sigma_1,0.898939264390393
dorn_python_037,python,gaussian_sigma_2,0.741957433621752
dorn_python_037,python,gaussian_sigma_4,0.6477537287488895
dorn_python_038,python,gaussian_sigma_1,0.9504852513682257
dorn_python_038,python,gaussian_sigma_2,0.8709539321155874
dorn_python_038,python,gaussian_sigma_4,0.8205426524899909
dorn_python_039,python,gaussian_sigma_1,0.9428253542092424
dorn_python_039,python,gaussian_sigma_2,0.8513264655461295
dorn_python_039,python,gaussian_sigma_4,0.7958001924747572
dorn_python_040,python,gaussian_sigma_1,0.9338743833899487
dorn_python_040,python,gaussian_sigma_2,0.827721238301069
dorn_python_040,python,gaussian_sigma_4,0.7598039495009786
dorn_python_041,python,gaussian_sigma_1,0.9438801385883332
dorn_python_041,python,gaussian_sigma_2,0.8532747005064895
dorn_python_041,python,gaussian_sigma_4,0.8009442535918639
dorn_python_042,python,gaussian_sigma_1,0.9341667578114464
dorn_python_042,python,gaussian_sigma_2,0.8297856161632122
dorn_python_042,python,gaussian_sigma_4,0.7654933458420947
dorn_python_043,python,gaussian_sigma_1,0.881975506108725
dorn_python_043,python,gaussian_sigma_2,0.6924219792505427
dorn_python_043,python,gaussian_sigma_4,0.582710902865137
dorn_python_044,python,gaussian_sigma_1,0.9104446421856244
dorn_python_044,python,gaussian_sigma_2,0.7661029379659395
dorn_python_044,python,gaussian_sigma_4,0.6825012633790949
dorn_python_045,python,gaussian_sigma_1,0.9492379915898188
dorn_python_045,python,gaussian_sigma_2,0.8672484137928853
dorn_python_045,python,gaussian_sigma_4,0.8157048449627768
dorn_python_046,python,gaussian_sigma_1,0.9099542970522148
dorn_python_046,python,gaussian_sigma_2,0.76404691883559
dorn_python_046,python,gaussian_sigma_4,0.675044451200768
dorn_python_047,python,gaussian_sigma_1,0.9608775327784645
dorn_python_047,python,gaussian_sigma_2,0.8987125013108193
dorn_python_047,python,gaussian_sigma_4,0.8571419598558601
dorn_python_048,python,gaussian_sigma_1,0.925493387702561
dorn_python_048,python,gaussian_sigma_2,0.7992446585175136
dorn_python_048,python,gaussian_sigma_4,0.7248664722318638
dorn_python_049,python,gaussian_sigma_1,0.9293504834979268
dorn_python_049,python,gaussian_sigma_2,0.8156118029146399
dorn_python_049,python,gaussian_sigma_4,0.7451228825029698
dorn_python_050,python,gaussian_sigma_1,0.9160077386695408
dorn_python_050,python,gaussian_sigma_2,0.7804704060973074
dorn_python_050,python,gaussian_sigma_4,0.6966061391996123
dorn_python_051,python,gaussian_sigma_1,0.9321424963533561
dorn_python_051,python,gaussian_sigma_2,0.8256809364069491
dorn_python_051,python,gaussian_sigma_4,0.7579057375732484
dorn_python_052,python,gaussian_sigma_1,0.9343228771660202
dorn_python_052,python,gaussian_sigma_2,0.8277625175264918
dorn_python_052,python,gaussian_sigma_4,0.7635178363497143
dorn_python_053,python,gaussian_sigma_1,0.9165591328649105
dorn_python_053,python,gaussian_sigma_2,0.7813674156464234
dorn_python_053,python,gaussian_sigma_4,0.7009426102093643
dorn_python_054,python,gaussian_sigma_1,0.928964157114558
dorn_python_054,python,gaussian_sigma_2,0.8074335733050765
dorn_python_054,python,gaussian_sigma_4,0.7369092274815423
dorn_python_055,python,gaussian_sigma_1,0.9248904356840999
dorn_python_055,python,gaussian_sigma_2,0.8026800735050497
dorn_python_055,python,gaussian_sigma_4,0.7288006121122148
dorn_python_056,python,gaussian_sigma_1,0.9119721887092016
dorn_python_056,python,gaussian_sigma_2,0.772722391175904
dorn_python_056,python,gaussian_sigma_4,0.6850164835511924
dorn_python_057,python,gaussian_sigma_1,0.9559731065663195
dorn_python_057,python,gaussian_sigma_2,0.8847497918234218
dorn_python_057,python,gaussian_sigma_4,0.8384575361912489
dorn_python_058,python,gaussian_sigma_1,0.9202393021337251
dorn_python_058,python,gaussian_sigma_2,0.7901126962821415
dorn_python_058,python,gaussian_sigma_4,0.708767289155987
dorn_python_059,python,gaussian_sigma_1,0.9111873907032321
dorn_python_059,python,gaussian_sigma_2,0.7725283914625493
dorn_python_059,python,gaussian_sigma_4,0.6853173251572163
dorn_python_060,python,gaussian_sigma_1,0.9341720395485887
dorn_python_060,python,gaussian_sigma_2,0.8271793853156385
dorn_python_060,python,gaussian_sigma_4,0.7607981409232432
dorn_python_061,python,gaussian_sigma_1,0.9350856656801718
dorn_python_061,python,gaussian_sigma_2,0.8353579291664129
dorn_python_061,python,gaussian_sigma_4,0.7728517088343584
dorn_python_062,python,gaussian_sigma_1,0.9088001397900619
dorn_python_062,python,gaussian_sigma_2,0.7652479839721541
dorn_python_062,python,gaussian_sigma_4,0.6725026791362682
dorn_python_063,python,gaussian_sigma_1,0.9349723210187141
dorn_python_063,python,gaussian_sigma_2,0.8296268468873317
dorn_python_063,python,gaussian_sigma_4,0.7670925664831915
dorn_python_064,python,gaussian_sigma_1,0.9275343369440359
dorn_python_064,python,gaussian_sigma_2,0.8133043595670836
dorn_python_064,python,gaussian_sigma_4,0.7435790039532538
dorn_python_065,python,gaussian_sigma_1,0.9099232566555674
dorn_python_065,python,gaussian_sigma_2,0.7652344043118089
dorn_python_065,python,gaussian_sigma_4,0.6790238293950613
dorn_python_066,python,gaussian_sigma_1,0.934044654537924
dorn_python_066,python,gaussian_sigma_2,0.8266575049676211
dorn_python_066,python,gaussian_sigma_4,0.7640668164119336
dorn_python_067,python,gaussian_sigma_1,0.956321834850538
dorn_python_067,python,gaussian_sigma_2,0.8862931131699695
dorn_python_067,python,gaussian_sigma_4,0.8414111872972078
dorn_python_068,python,gaussian_sigma_1,0.9123141031733212
dorn_python_068,python,gaussian_sigma_2,0.7683565878563471
dorn_python_068,python,gaussian_sigma_4,0.6835700339490577
dorn_python_069,python,gaussian_sigma_1,0.9356876550318861
dorn_python_069,python,gaussian_sigma_2,0.8292791921349313
dorn_python_069,python,gaussian_sigma_4,0.7634714179479599
dorn_python_070,python,gaussian_sigma_1,0.9604005531747757
dorn_python_070,python,gaussian_sigma_2,0.8946757423504653
dorn_python_070,python,gaussian_sigma_4,0.8545501547391031
dorn_python_071,python,gaussian_sigma_1,0.932571216376699
dorn_python_071,python,gaussian_sigma_2,0.8255408325718294
dorn_python_071,python,gaussian_sigma_4,0.7609224876446864
dorn_python_072,python,gaussian_sigma_1,0.9141438729688239
dorn_python_072,python,gaussian_sigma_2,0.7781484560455351
dorn_python_072,python,gaussian_sigma_4,0.6924296766347546
dorn_python_073,python,gaussian_sigma_1,0.9650658630645403
dorn_python_073,python,gaussian_sigma_2,0.9072344224915022
dorn_python_073,python,gaussian_sigma_4,0.869848374364454
dorn_python_074,python,gaussian_sigma_1,0.9366606075377195
dorn_python_074,python,gaussian_sigma_2,0.8315404328527279
dorn_python_074,python,gaussian_sigma_4,0.7643186530033775
dorn_python_075,python,gaussian_sigma_1,0.9505096154676331
dorn_python_075,python,gaussian_sigma_2,0.8662357357335786
dorn_python_075,python,gaussian_sigma_4,0.815275459215817
dorn_python_076,python,gaussian_sigma_1,0.9399975575884273
dorn_python_076,python,gaussian_sigma_2,0.8458513565833551
dorn_python_076,python,gaussian_sigma_4,0.7865830782162705
dorn_python_077,python,gaussian_sigma_1,0.9312113136461427
dorn_python_077,python,gaussian_sigma_2,0.8208152118398889
dorn_python_077,python,gaussian_sigma_4,0.7531046626735135
dorn_python_078,python,gaussian_sigma_1,0.9226383094485454
dorn_python_078,python,gaussian_sigma_2,0.7924571773176505
dorn_python_078,python,gaussian_sigma_4,0.7143628312550795
dorn_python_079,python,gaussian_sigma_1,0.9231441550316472
dorn_python_079,python,gaussian_sigma_2,0.7997790830536942
dorn_python_079,python,gaussian_sigma_4,0.7254482670885761
dorn_python_080,python,gaussian_sigma_1,0.9297650678948388
dorn_python_080,python,gaussian_sigma_2,0.8169875971271156
dorn_python_080,python,gaussian_sigma_4,0.7485166139448948
dorn_python_081,python,gaussian_sigma_1,0.8849002459282739
dorn_python_081,python,gaussian_sigma_2,0.6991324028257272
dorn_python_081,python,gaussian_sigma_4,0.5896617273581793
dorn_python_082,python,gaussian_sigma_1,0.9296784814484674
dorn_python_082,python,gaussian_sigma_2,0.8143172981773986
dorn_python_082,python,gaussian_sigma_4,0.7517960375451042
dorn_python_083,python,gaussian_sigma_1,0.8931266456827701
dorn_python_083,python,gaussian_sigma_2,0.7248987063180815
dorn_python_083,python,gaussian_sigma_4,0.6286621229956034
dorn_python_084,python,gaussian_sigma_1,0.9019971546176143
dorn_python_084,python,gaussian_sigma_2,0.742771982452795
dorn_python_084,python,gaussian_sigma_4,0.6461925025325304
dorn_python_085,python,gaussian_sigma_1,0.8658341713831708
dorn_python_085,python,gaussian_sigma_2,0.6506971698322693
dorn_python_085,python,gaussian_sigma_4,0.529926123246363
dorn_python_086,python,gaussian_sigma_1,0.946745833643702
dorn_python_086,python,gaussian_sigma_2,0.8597847232125391
dorn_python_086,python,gaussian_sigma_4,0.8030591493899091
dorn_python_087,python,gaussian_sigma_1,0.9435423796830551
dorn_python_087,python,gaussian_sigma_2,0.8534063318274066
dorn_python_087,python,gaussian_sigma_4,0.7971237229157615
dorn_python_088,python,gaussian_sigma_1,0.9432513628801346
dorn_python_088,python,gaussian_sigma_2,0.850603325102422
dorn_python_088,python,gaussian_sigma_4,0.7968616092302
dorn_python_089,python,gaussian_sigma_1,0.9131553342583111
dorn_python_089,python,gaussian_sigma_2,0.7714971688146575
dorn_python_089,python,gaussian_sigma_4,0.6868308816460736
dorn_python_090,python,gaussian_sigma_1,0.9247287796972251
dorn_python_090,python,gaussian_sigma_2,0.804010710948643
dorn_python_090,python,gaussian_sigma_4,0.7297144291304266
dorn_python_091,python,gaussian_sigma_1,0.9295016709920977
dorn_python_091,python,gaussian_sigma_2,0.8138471737048311
dorn_python_091,python,gaussian_sigma_4,0.7455561109637263
dorn_python_092,python,gaussian_sigma_1,0.954177210968043
dorn_python_092,python,gaussian_sigma_2,0.88049570046219
dorn_python_092,python,gaussian_sigma_4,0.8332355191849318
dorn_python_093,python,gaussian_sigma_1,0.9420014082258814
dorn_python_093,python,gaussian_sigma_2,0.8482197608416567
dorn_python_093,python,gaussian_sigma_4,0.7923374335357437
dorn_python_094,python,gaussian_sigma_1,0.8968450958358947
dorn_python_094,python,gaussian_sigma_2,0.7312328269506407
dorn_python_094,python,gaussian_sigma_4,0.6391732064087686
dorn_python_095,python,gaussian_sigma_1,0.9128162457119989
dorn_python_095,python,gaussian_sigma_2,0.7731193343667412
dorn_python_095,python,gaussian_sigma_4,0.6837831544017616
dorn_python_096,python,gaussian_sigma_1,0.9095247488880381
dorn_python_096,python,gaussian_sigma_2,0.7627631692775019
dorn_python_096,python,gaussian_sigma_4,0.6758922550774114
dorn_python_097,python,gaussian_sigma_1,0.9349723210187141
dorn_python_097,python,gaussian_sigma_2,0.8296268468873317
dorn_python_097,python,gaussian_sigma_4,0.7670925664831915
dorn_python_098,python,gaussian_sigma_1,0.9394354542142264
dorn_python_098,python,gaussian_sigma_2,0.8429939736681691
dorn_python_098,python,gaussian_sigma_4,0.7830176617355616
dorn_python_099,python,gaussian_sigma_1,0.9358248058882613
dorn_python_099,python,gaussian_sigma_2,0.8353383152988498
dorn_python_099,python,gaussian_sigma_4,0.7736138505282216
dorn_python_100,python,gaussian_sigma_1,0.9253149292419957
dorn_python_100,python,gaussian_sigma_2,0.8032977784532817
dorn_python_100,python,gaussian_sigma_4,0.7255510499559369
dorn_python_101,python,gaussian_sigma_1,0.932653895516904
dorn_python_101,python,gaussian_sigma_2,0.8229049674814828
dorn_python_101,python,gaussian_sigma_4,0.7532390244537833
dorn_python_102,python,gaussian_sigma_1,0.9342822845425544
dorn_python_102,python,gaussian_sigma_2,0.8266172701936468
dorn_python_102,python,gaussian_sigma_4,0.7609068581954265
dorn_python_103,python,gaussian_sigma_1,0.9249995104637674
dorn_python_103,python,gaussian_sigma_2,0.8046729337796249
dorn_python_103,python,gaussian_sigma_4,0.7317991903881117
dorn_python_104,python,gaussian_sigma_1,0.8679888682238248
dorn_python_104,python,gaussian_sigma_2,0.6506113151609342
dorn_python_104,python,gaussian_sigma_4,0.5227313875569773
dorn_python_105,python,gaussian_sigma_1,0.9380003726344907
dorn_python_105,python,gaussian_sigma_2,0.8369920669900951
dorn_python_105,python,gaussian_sigma_4,0.7700506892242914
dorn_python_106,python,gaussian_sigma_1,0.9076948339729095
dorn_python_106,python,gaussian_sigma_2,0.7580133809393533
dorn_python_106,python,gaussian_sigma_4,0.6662926702291685
dorn_python_107,python,gaussian_sigma_1,0.9125032431582225
dorn_python_107,python,gaussian_sigma_2,0.7671195061716339
dorn_python_107,python,gaussian_sigma_4,0.6807891807100367
dorn_python_108,python,gaussian_sigma_1,0.9349723210187141
dorn_python_108,python,gaussian_sigma_2,0.8296268468873317
dorn_python_108,python,gaussian_sigma_4,0.7670925664831915
dorn_python_109,python,gaussian_sigma_1,0.900989988923386
dorn_python_109,python,gaussian_sigma_2,0.7377071822438467
dorn_python_109,python,gaussian_sigma_4,0.6434711844849771
dorn_python_110,python,gaussian_sigma_1,0.9471402025612262
dorn_python_110,python,gaussian_sigma_2,0.8612256096242983
dorn_python_110,python,gaussian_sigma_4,0.807949979561493
dorn_python_111,python,gaussian_sigma_1,0.9110120222707391
dorn_python_111,python,gaussian_sigma_2,0.7684036850572881
dorn_python_111,python,gaussian_sigma_4,0.6778635121721545
dorn_python_112,python,gaussian_sigma_1,0.9250921761853386
dorn_python_112,python,gaussian_sigma_2,0.8041540307753506
dorn_python_112,python,gaussian_sigma_4,0.7322300640314793
dorn_python_113,python,gaussian_sigma_1,0.908488144440135
dorn_python_113,python,gaussian_sigma_2,0.7602891546862959
dorn_python_113,python,gaussian_sigma_4,0.6724879305490149
dorn_python_114,python,gaussian_sigma_1,0.9318544229202134
dorn_python_114,python,gaussian_sigma_2,0.8238258759271228
dorn_python_114,python,gaussian_sigma_4,0.7527351760277966
dorn_python_115,python,gaussian_sigma_1,0.9341988628837233
dorn_python_115,python,gaussian_sigma_2,0.8282941073212697
dorn_python_115,python,gaussian_sigma_4,0.7598943289021199
dorn_python_116,python,gaussian_sigma_1,0.9165680433789736
dorn_python_116,python,gaussian_sigma_2,0.7815976236262655
dorn_python_116,python,gaussian_sigma_4,0.7001977598559169
dorn_python_117,python,gaussian_sigma_1,0.927831903061063
dorn_python_117,python,gaussian_sigma_2,0.8139823492667085
dorn_python_117,python,gaussian_sigma_4,0.7453646988597701
dorn_python_118,python,gaussian_sigma_1,0.9269992968054689
dorn_python_118,python,gaussian_sigma_2,0.8076255288528574
dorn_python_118,python,gaussian_sigma_4,0.7386997628296107
