visual_image_width,visual_image_height,visual_aspect_ratio,visual_non_background_pixel_density,visual_code_bounding_box_width,visual_code_bounding_box_height,visual_code_bounding_box_area_ratio,visual_left_margin_mean,visual_left_margin_std,visual_left_margin_min,visual_left_margin_max,visual_indentation_depth_proxy,visual_horizontal_whitespace_ratio,visual_vertical_whitespace_ratio,visual_number_of_visual_text_lines,visual_estimated_line_height,visual_line_spacing_mean,visual_line_length_mean,visual_line_length_max,visual_line_length_std,visual_dense_block_ratio,visual_empty_vertical_gap_count,visual_color_diversity,visual_contrast_score,visual_clutter_score,visual_error,rq0_id,dataset_name,image_path
766.0,245.0,3.126530612244898,0.9972558213886077,766.0,245.0,1.0,0.0,0.0,0.0,0.0,0.0,0.0027441786113923117,0.0,1.0,245.0,0.0,766.0,766.0,0.0,1.0,0.0,38.0,52.74760858346339,37.89572121276709,0.0,rq0_0000,Buse,/ANON/experiment_root/experiments/rq0_viability/data/rendered/default/rq0_0000.png
778.0,270.0,2.8814814814814813,0.9985432733504713,778.0,270.0,1.0,0.0,0.0,0.0,0.0,0.0,0.0014567266495286724,0.0,1.0,270.0,0.0,778.0,778.0,0.0,1.0,0.0,53.0,51.86878445880192,52.92279348757498,0.0,rq0_0001,Buse,/ANON/experiment_root/experiments/rq0_viability/data/rendered/default/rq0_0001.png
778.0,220.0,3.536363636363636,0.9956590324842253,778.0,220.0,1.0,0.0,0.0,0.0,0.0,0.0,0.00434096751577473,0.0,1.0,220.0,0.0,778.0,778.0,0.0,1.0,0.0,56.0,58.51219293744201,55.75690581911662,0.0,rq0_0002,Buse,/ANON/experiment_root/experiments/rq0_viability/data/rendered/default/rq0_0002.png
779.0,420.0,1.8547619047619048,0.9772510544654319,779.0,420.0,1.0,0.0,0.0,0.0,0.0,0.0,0.022748945534568077,0.0,1.0,420.0,0.0,779.0,779.0,0.0,1.0,0.0,32.0,50.416037233556594,31.27203374289382,0.0,rq0_0003,Buse,/ANON/experiment_root/experiments/rq0_viability/data/rendered/default/rq0_0003.png
670.0,245.0,2.7346938775510203,0.9900456899177581,670.0,245.0,1.0,0.0,0.0,0.0,0.0,0.0,0.009954310082241902,0.0,1.0,245.0,0.0,670.0,670.0,0.0,1.0,0.0,54.0,53.18539946147587,53.462467255558934,0.0,rq0_0004,Buse,/ANON/experiment_root/experiments/rq0_viability/data/rendered/default/rq0_0004.png
537.0,120.0,4.475,0.9966325263811298,537.0,120.0,1.0,0.0,0.0,0.0,0.0,0.0,0.0033674736188702425,0.0,1.0,120.0,0.0,537.0,537.0,0.0,1.0,0.0,41.0,62.91717454668815,40.86193358162632,0.0,rq0_0005,Buse,/ANON/experiment_root/experiments/rq0_viability/data/rendered/default/rq0_0005.png
779.0,320.0,2.434375,0.9862684531450577,779.0,320.0,1.0,0.0,0.0,0.0,0.0,0.0,0.013731546854942267,0.0,1.0,320.0,0.0,779.0,779.0,0.0,1.0,0.0,56.0,49.491504526125894,55.231033376123236,0.0,rq0_0006,Buse,/ANON/experiment_root/experiments/rq0_viability/data/rendered/default/rq0_0006.png
824.0,145.0,5.682758620689655,0.9958235687981252,824.0,145.0,1.0,0.0,0.0,0.0,0.0,0.0,0.004176431201874831,0.0,1.0,145.0,0.0,824.0,824.0,0.0,1.0,0.0,39.0,58.90389206352668,38.83711918312688,0.0,rq0_0007,Buse,/ANON/experiment_root/experiments/rq0_viability/data/rendered/default/rq0_0007.png
779.0,295.0,2.640677966101695,0.9893083266247471,779.0,295.0,1.0,0.0,0.0,0.0,0.0,0.0,0.010691673375252897,0.0,1.0,295.0,0.0,779.0,779.0,0.0,1.0,0.0,41.0,50.96319683391827,40.56164139161463,0.0,rq0_0008,Buse,/ANON/experiment_root/experiments/rq0_viability/data/rendered/default/rq0_0008.png
684.0,320.0,2.1375,0.9971171418128655,684.0,320.0,1.0,0.0,0.0,0.0,0.0,0.0,0.0028828581871345182,0.0,1.0,320.0,0.0,684.0,684.0,0.0,1.0,0.0,43.0,54.840297513276475,42.876037097953215,0.0,rq0_0009,Buse,/ANON/experiment_root/experiments/rq0_viability/data/rendered/default/rq0_0009.png
802.0,170.0,4.7176470588235295,0.9979976529265072,802.0,170.0,1.0,0.0,0.0,0.0,0.0,0.0,0.002002347073492783,0.0,1.0,170.0,0.0,802.0,802.0,0.0,1.0,0.0,41.0,51.582154018220116,40.91790376998679,0.0,rq0_0010,Buse,/ANON/experiment_root/experiments/rq0_viability/data/rendered/default/rq0_0010.png
621.0,170.0,3.652941176470588,0.9975940134507909,621.0,170.0,1.0,0.0,0.0,0.0,0.0,0.0,0.0024059865492090937,0.0,1.0,170.0,0.0,621.0,621.0,0.0,1.0,0.0,25.0,57.52665460865763,24.93985033626977,0.0,rq0_0011,Buse,/ANON/experiment_root/experiments/rq0_viability/data/rendered/default/rq0_0011.png
741.0,295.0,2.511864406779661,0.9954161806079737,741.0,295.0,1.0,0.0,0.0,0.0,0.0,0.0,0.004583819392026345,0.0,1.0,295.0,0.0,741.0,741.0,0.0,1.0,0.0,40.0,51.8886448733126,39.81664722431895,0.0,rq0_0012,Buse,/ANON/experiment_root/experiments/rq0_viability/data/rendered/default/rq0_0012.png
779.0,220.0,3.540909090909091,0.9969599719920644,779.0,220.0,1.0,0.0,0.0,0.0,0.0,0.0,0.003040028007935569,0.0,1.0,220.0,0.0,779.0,779.0,0.0,1.0,0.0,56.0,58.350050066582774,55.82975843155561,0.0,rq0_0013,Buse,/ANON/experiment_root/experiments/rq0_viability/data/rendered/default/rq0_0013.png
779.0,170.0,4.58235294117647,0.9971230083817866,779.0,170.0,1.0,0.0,0.0,0.0,0.0,0.0,0.0028769916182134203,0.0,1.0,170.0,0.0,779.0,779.0,0.0,1.0,0.0,41.0,55.396853086995364,40.88204334365325,0.0,rq0_0014,Buse,/ANON/experiment_root/experiments/rq0_viability/data/rendered/default/rq0_0014.png
779.0,220.0,3.540909090909091,0.9974676158244836,779.0,220.0,1.0,0.0,0.0,0.0,0.0,0.0,0.002532384175516378,0.0,1.0,220.0,0.0,779.0,779.0,0.0,1.0,0.0,56.0,53.55619710456141,55.858186486171086,0.0,rq0_0015,Buse,/ANON/experiment_root/experiments/rq0_viability/data/rendered/default/rq0_0015.png
814.0,195.0,4.174358974358975,0.9903546903546904,814.0,195.0,1.0,0.0,0.0,0.0,0.0,0.0,0.00964530964530963,0.0,1.0,195.0,0.0,814.0,814.0,0.0,1.0,0.0,56.0,54.969098302992585,55.45986265986266,0.0,rq0_0016,Buse,/ANON/experiment_root/experiments/rq0_viability/data/rendered/default/rq0_0016.png
779.0,295.0,2.640677966101695,0.9936728965862361,779.0,295.0,1.0,0.0,0.0,0.0,0.0,0.0,0.006327103413763857,0.0,1.0,295.0,0.0,779.0,779.0,0.0,1.0,0.0,36.0,52.61248329112815,35.7722242771045,0.0,rq0_0017,Buse,/ANON/experiment_root/experiments/rq0_viability/data/rendered/default/rq0_0017.png
779.0,145.0,5.372413793103449,0.9974680182373512,779.0,145.0,1.0,0.0,0.0,0.0,0.0,0.0,0.002531981762648794,0.0,1.0,145.0,0.0,779.0,779.0,0.0,1.0,0.0,47.0,56.34530188328736,46.88099685715551,0.0,rq0_0018,Buse,/ANON/experiment_root/experiments/rq0_viability/data/rendered/default/rq0_0018.png
609.0,145.0,4.2,0.9969310911046939,609.0,145.0,1.0,0.0,0.0,0.0,0.0,0.0,0.0030689088953060883,0.0,1.0,145.0,0.0,609.0,609.0,0.0,1.0,0.0,30.0,58.39803104187229,29.907932733140818,0.0,rq0_0019,Buse,/ANON/experiment_root/experiments/rq0_viability/data/rendered/default/rq0_0019.png
777.0,245.0,3.1714285714285713,0.99135870564442,777.0,245.0,1.0,0.0,0.0,0.0,0.0,0.0,0.008641294355580031,0.0,1.0,245.0,0.0,777.0,777.0,0.0,1.0,0.0,41.0,55.77874061899773,40.645706931421216,0.0,rq0_0020,Buse,/ANON/experiment_root/experiments/rq0_viability/data/rendered/default/rq0_0020.png
778.0,245.0,3.1755102040816325,0.997880488956508,778.0,245.0,1.0,0.0,0.0,0.0,0.0,0.0,0.0021195110434919506,0.0,1.0,245.0,0.0,778.0,778.0,0.0,1.0,0.0,58.0,54.52283943797804,57.87706835947747,0.0,rq0_0021,Buse,/ANON/experiment_root/experiments/rq0_viability/data/rendered/default/rq0_0021.png
671.0,195.0,3.4410256410256412,0.9969200198708396,671.0,195.0,1.0,0.0,0.0,0.0,0.0,0.0,0.0030799801291604423,0.0,1.0,195.0,0.0,671.0,671.0,0.0,1.0,0.0,37.0,60.54808656682631,36.886040735221066,0.0,rq0_0022,Buse,/ANON/experiment_root/experiments/rq0_viability/data/rendered/default/rq0_0022.png
779.0,295.0,2.640677966101695,0.9979895998781576,779.0,295.0,1.0,0.0,0.0,0.0,0.0,0.0,0.002010400121842393,0.0,1.0,295.0,0.0,779.0,779.0,0.0,1.0,0.0,54.0,54.79304329302245,53.89143839342051,0.0,rq0_0023,Buse,/ANON/experiment_root/experiments/rq0_viability/data/rendered/default/rq0_0023.png
851.0,320.0,2.659375,0.9980611045828437,851.0,320.0,1.0,0.0,0.0,0.0,0.0,0.0,0.0019388954171563055,0.0,1.0,320.0,0.0,851.0,851.0,0.0,1.0,0.0,56.0,49.54093062136517,55.89142185663925,0.0,rq0_0024,Buse,/ANON/experiment_root/experiments/rq0_viability/data/rendered/default/rq0_0024.png
777.0,220.0,3.5318181818181817,0.9893822393822393,777.0,220.0,1.0,0.0,0.0,0.0,0.0,0.0,0.010617760617760652,0.0,1.0,220.0,0.0,777.0,777.0,0.0,1.0,0.0,56.0,54.016814587421614,55.4054054054054,0.0,rq0_0025,Buse,/ANON/experiment_root/experiments/rq0_viability/data/rendered/default/rq0_0025.png
777.0,245.0,3.1714285714285713,0.996874425445854,777.0,245.0,1.0,0.0,0.0,0.0,0.0,0.0,0.003125574554145971,0.0,1.0,245.0,0.0,777.0,777.0,0.0,1.0,0.0,46.0,55.66373052305076,45.856223570509286,0.0,rq0_0026,Buse,/ANON/experiment_root/experiments/rq0_viability/data/rendered/default/rq0_0026.png
476.0,120.0,3.966666666666667,0.9970238095238095,476.0,120.0,1.0,0.0,0.0,0.0,0.0,0.0,0.0029761904761904656,0.0,1.0,120.0,0.0,476.0,476.0,0.0,1.0,0.0,50.0,63.11013661776433,49.851190476190474,0.0,rq0_0027,Buse,/ANON/experiment_root/experiments/rq0_viability/data/rendered/default/rq0_0027.png
778.0,320.0,2.43125,0.9804868251928021,778.0,320.0,1.0,0.0,0.0,0.0,0.0,0.0,0.01951317480719794,0.0,1.0,320.0,0.0,778.0,778.0,0.0,1.0,0.0,44.0,54.23277472155112,43.14142030848329,0.0,rq0_0028,Buse,/ANON/experiment_root/experiments/rq0_viability/data/rendered/default/rq0_0028.png
779.0,320.0,2.434375,0.9967867458279845,779.0,320.0,1.0,0.0,0.0,0.0,0.0,0.0,0.003213254172015456,0.0,1.0,320.0,0.0,779.0,779.0,0.0,1.0,0.0,48.0,56.2151758446553,47.84576379974326,0.0,rq0_0029,Buse,/ANON/experiment_root/experiments/rq0_viability/data/rendered/default/rq0_0029.png
779.0,220.0,3.540909090909091,0.9869471350215895,779.0,220.0,1.0,0.0,0.0,0.0,0.0,0.0,0.013052864978410517,0.0,1.0,220.0,0.0,779.0,779.0,0.0,1.0,0.0,49.0,52.616389840856826,48.360409616057886,0.0,rq0_0030,Buse,/ANON/experiment_root/experiments/rq0_viability/data/rendered/default/rq0_0030.png
779.0,345.0,2.2579710144927536,0.9734516567133634,779.0,345.0,1.0,0.0,0.0,0.0,0.0,0.0,0.026548343286636578,0.0,1.0,345.0,0.0,779.0,779.0,0.0,1.0,0.0,41.0,50.79599590228203,39.9115179252479,0.0,rq0_0031,Buse,/ANON/experiment_root/experiments/rq0_viability/data/rendered/default/rq0_0031.png
658.0,220.0,2.9909090909090907,0.9963249516441006,658.0,220.0,1.0,0.0,0.0,0.0,0.0,0.0,0.0036750483558993796,0.0,1.0,220.0,0.0,658.0,658.0,0.0,1.0,0.0,36.0,60.65639905390703,35.86769825918762,0.0,rq0_0032,Buse,/ANON/experiment_root/experiments/rq0_viability/data/rendered/default/rq0_0032.png
779.0,420.0,1.8547619047619048,0.987477840943823,779.0,420.0,1.0,0.0,0.0,0.0,0.0,0.0,0.01252215905617704,0.0,1.0,420.0,0.0,779.0,779.0,0.0,1.0,0.0,58.0,55.720302544388666,57.273714774741734,0.0,rq0_0033,Buse,/ANON/experiment_root/experiments/rq0_viability/data/rendered/default/rq0_0033.png
898.0,170.0,5.2823529411764705,0.9952901873444255,898.0,170.0,1.0,0.0,0.0,0.0,0.0,0.0,0.0047098126555744635,0.0,1.0,170.0,0.0,898.0,898.0,0.0,1.0,0.0,43.0,52.59776951239512,42.797478055810295,0.0,rq0_0034,Buse,/ANON/experiment_root/experiments/rq0_viability/data/rendered/default/rq0_0034.png
779.0,320.0,2.434375,0.996321405648267,779.0,320.0,1.0,0.0,0.0,0.0,0.0,0.0,0.003678594351733011,0.0,1.0,320.0,0.0,779.0,779.0,0.0,1.0,0.0,46.0,57.65576501339185,45.83078465982028,0.0,rq0_0035,Buse,/ANON/experiment_root/experiments/rq0_viability/data/rendered/default/rq0_0035.png
777.0,195.0,3.9846153846153847,0.9976437976437976,777.0,195.0,1.0,0.0,0.0,0.0,0.0,0.0,0.002356202356202375,0.0,1.0,195.0,0.0,777.0,777.0,0.0,1.0,0.0,45.0,55.70297484869662,44.893970893970895,0.0,rq0_0036,Buse,/ANON/experiment_root/experiments/rq0_viability/data/rendered/default/rq0_0036.png
778.0,170.0,4.576470588235294,0.9976939361862998,778.0,170.0,1.0,0.0,0.0,0.0,0.0,0.0,0.002306063813700243,0.0,1.0,170.0,0.0,778.0,778.0,0.0,1.0,0.0,46.0,51.8462658091146,45.89392106456979,0.0,rq0_0037,Buse,/ANON/experiment_root/experiments/rq0_viability/data/rendered/default/rq0_0037.png
779.0,370.0,2.1054054054054054,0.9853346285952191,779.0,370.0,1.0,0.0,0.0,0.0,0.0,0.0,0.014665371404780858,0.0,1.0,370.0,0.0,779.0,779.0,0.0,1.0,0.0,46.0,53.005367671681356,45.32539291538008,0.0,rq0_0038,Buse,/ANON/experiment_root/experiments/rq0_viability/data/rendered/default/rq0_0038.png
596.0,170.0,3.5058823529411764,0.9978878799842085,596.0,170.0,1.0,0.0,0.0,0.0,0.0,0.0,0.00211212001579153,0.0,1.0,170.0,0.0,596.0,596.0,0.0,1.0,0.0,45.0,59.01386596933217,44.90495459928938,0.0,rq0_0039,Buse,/ANON/experiment_root/experiments/rq0_viability/data/rendered/default/rq0_0039.png
778.0,195.0,3.98974358974359,0.9959462131698635,778.0,195.0,1.0,0.0,0.0,0.0,0.0,0.0,0.004053786830136463,0.0,1.0,195.0,0.0,778.0,778.0,0.0,1.0,0.0,42.0,57.1837132424322,41.82974095313427,0.0,rq0_0040,Buse,/ANON/experiment_root/experiments/rq0_viability/data/rendered/default/rq0_0040.png
777.0,145.0,5.358620689655172,0.9966360449119069,777.0,145.0,1.0,0.0,0.0,0.0,0.0,0.0,0.0033639550880930624,0.0,1.0,145.0,0.0,777.0,777.0,0.0,1.0,0.0,46.0,56.41925656939287,45.84525806594772,0.0,rq0_0041,Buse,/ANON/experiment_root/experiments/rq0_viability/data/rendered/default/rq0_0041.png
573.0,145.0,3.9517241379310346,0.9968225311428056,573.0,145.0,1.0,0.0,0.0,0.0,0.0,0.0,0.0031774688571943877,0.0,1.0,145.0,0.0,573.0,573.0,0.0,1.0,0.0,38.0,58.92747208213449,37.87925618342661,0.0,rq0_0042,Buse,/ANON/experiment_root/experiments/rq0_viability/data/rendered/default/rq0_0042.png
778.0,195.0,3.98974358974359,0.9964405774174412,778.0,195.0,1.0,0.0,0.0,0.0,0.0,0.0,0.0035594225825588133,0.0,1.0,195.0,0.0,778.0,778.0,0.0,1.0,0.0,46.0,60.71820106796766,45.836266561202294,0.0,rq0_0043,Buse,/ANON/experiment_root/experiments/rq0_viability/data/rendered/default/rq0_0043.png
779.0,370.0,2.1054054054054054,0.9834125524754537,779.0,370.0,1.0,0.0,0.0,0.0,0.0,0.0,0.016587447524546328,0.0,1.0,370.0,0.0,779.0,779.0,0.0,1.0,0.0,44.0,50.1630164010593,43.27015230891996,0.0,rq0_0044,Buse,/ANON/experiment_root/experiments/rq0_viability/data/rendered/default/rq0_0044.png
777.0,295.0,2.6338983050847458,0.9870340073729904,777.0,295.0,1.0,0.0,0.0,0.0,0.0,0.0,0.012965992627009593,0.0,1.0,295.0,0.0,777.0,777.0,0.0,1.0,0.0,41.0,52.28113216320835,40.46839430229261,0.0,rq0_0045,Buse,/ANON/experiment_root/experiments/rq0_viability/data/rendered/default/rq0_0045.png
777.0,295.0,2.6338983050847458,0.978186418864385,777.0,295.0,1.0,0.0,0.0,0.0,0.0,0.0,0.021813581135615046,0.0,1.0,295.0,0.0,777.0,777.0,0.0,1.0,0.0,41.0,50.64502974905402,40.10564317343978,0.0,rq0_0046,Buse,/ANON/experiment_root/experiments/rq0_viability/data/rendered/default/rq0_0046.png
779.0,295.0,2.640677966101695,0.9986336241596135,779.0,295.0,1.0,0.0,0.0,0.0,0.0,0.0,0.0013663758403864579,0.0,1.0,295.0,0.0,779.0,779.0,0.0,1.0,0.0,39.0,48.41417445621698,38.94671134222493,0.0,rq0_0047,Buse,/ANON/experiment_root/experiments/rq0_viability/data/rendered/default/rq0_0047.png
706.0,220.0,3.209090909090909,0.9981135719804275,706.0,220.0,1.0,0.0,0.0,0.0,0.0,0.0,0.0018864280195725058,0.0,1.0,220.0,0.0,706.0,706.0,0.0,1.0,0.0,42.0,53.68588196521011,41.92077002317795,0.0,rq0_0048,Buse,/ANON/experiment_root/experiments/rq0_viability/data/rendered/default/rq0_0048.png
753.0,195.0,3.8615384615384616,0.9981884428099568,753.0,195.0,1.0,0.0,0.0,0.0,0.0,0.0,0.0018115571900432226,0.0,1.0,195.0,0.0,753.0,753.0,0.0,1.0,0.0,56.0,53.101807190339144,55.89855279735758,0.0,rq0_0049,Buse,/ANON/experiment_root/experiments/rq0_viability/data/rendered/default/rq0_0049.png
778.0,145.0,5.36551724137931,0.9968087935466714,778.0,145.0,1.0,0.0,0.0,0.0,0.0,0.0,0.003191206453328599,0.0,1.0,145.0,0.0,778.0,778.0,0.0,1.0,0.0,57.0,59.3607173255336,56.81810123216027,0.0,rq0_0050,Buse,/ANON/experiment_root/experiments/rq0_viability/data/rendered/default/rq0_0050.png
875.0,195.0,4.487179487179487,0.9951882783882784,875.0,195.0,1.0,0.0,0.0,0.0,0.0,0.0,0.004811721611721609,0.0,1.0,195.0,0.0,875.0,875.0,0.0,1.0,0.0,52.0,53.36606181433149,51.749790476190476,0.0,rq0_0051,Buse,/ANON/experiment_root/experiments/rq0_viability/data/rendered/default/rq0_0051.png
779.0,245.0,3.179591836734694,0.9917686201566634,779.0,245.0,1.0,0.0,0.0,0.0,0.0,0.0,0.00823137984333655,0.0,1.0,245.0,0.0,779.0,779.0,0.0,1.0,0.0,39.0,52.397325729656394,38.67897618610987,0.0,rq0_0052,Buse,/ANON/experiment_root/experiments/rq0_viability/data/rendered/default/rq0_0052.png
779.0,245.0,3.179591836734694,0.9960074402032957,779.0,245.0,1.0,0.0,0.0,0.0,0.0,0.0,0.00399255979670432,0.0,1.0,245.0,0.0,779.0,779.0,0.0,1.0,0.0,38.0,57.4725998031032,37.848282727725234,0.0,rq0_0053,Buse,/ANON/experiment_root/experiments/rq0_viability/data/rendered/default/rq0_0053.png
779.0,245.0,3.179591836734694,0.9881271122056011,779.0,245.0,1.0,0.0,0.0,0.0,0.0,0.0,0.011872887794398879,0.0,1.0,245.0,0.0,779.0,779.0,0.0,1.0,0.0,52.0,52.20005449977855,51.38260983469126,0.0,rq0_0054,Buse,/ANON/experiment_root/experiments/rq0_viability/data/rendered/default/rq0_0054.png
779.0,170.0,4.58235294117647,0.9967756550630522,779.0,170.0,1.0,0.0,0.0,0.0,0.0,0.0,0.0032243449369477872,0.0,1.0,170.0,0.0,779.0,779.0,0.0,1.0,0.0,27.0,56.22772475978489,26.912942686702408,0.0,rq0_0055,Buse,/ANON/experiment_root/experiments/rq0_viability/data/rendered/default/rq0_0055.png
910.0,170.0,5.352941176470588,0.9953264382676147,910.0,170.0,1.0,0.0,0.0,0.0,0.0,0.0,0.004673561732385312,0.0,1.0,170.0,0.0,910.0,910.0,0.0,1.0,0.0,38.0,58.035408594686864,37.82240465416936,0.0,rq0_0056,Buse,/ANON/experiment_root/experiments/rq0_viability/data/rendered/default/rq0_0056.png
779.0,220.0,3.540909090909091,0.9977418601937216,779.0,220.0,1.0,0.0,0.0,0.0,0.0,0.0,0.0022581398062784253,0.0,1.0,220.0,0.0,779.0,779.0,0.0,1.0,0.0,39.0,54.36705718054823,38.91193254755514,0.0,rq0_0057,Buse,/ANON/experiment_root/experiments/rq0_viability/data/rendered/default/rq0_0057.png
778.0,145.0,5.36551724137931,0.9969860827940785,778.0,145.0,1.0,0.0,0.0,0.0,0.0,0.0,0.003013917205921479,0.0,1.0,145.0,0.0,778.0,778.0,0.0,1.0,0.0,39.0,53.09655761766076,38.88245722896906,0.0,rq0_0058,Buse,/ANON/experiment_root/experiments/rq0_viability/data/rendered/default/rq0_0058.png
705.0,170.0,4.147058823529412,0.9959198998748435,705.0,170.0,1.0,0.0,0.0,0.0,0.0,0.0,0.004080100125156472,0.0,1.0,170.0,0.0,705.0,705.0,0.0,1.0,0.0,46.0,55.48241893301143,45.8123153942428,0.0,rq0_0059,Buse,/ANON/experiment_root/experiments/rq0_viability/data/rendered/default/rq0_0059.png
609.0,145.0,4.2,0.9970669837495045,609.0,145.0,1.0,0.0,0.0,0.0,0.0,0.0,0.002933016250495468,0.0,1.0,145.0,0.0,609.0,609.0,0.0,1.0,0.0,46.0,59.20378353130055,45.86508125247721,0.0,rq0_0060,Buse,/ANON/experiment_root/experiments/rq0_viability/data/rendered/default/rq0_0060.png
779.0,195.0,3.994871794871795,0.9958658372008822,779.0,195.0,1.0,0.0,0.0,0.0,0.0,0.0,0.004134162799117824,0.0,1.0,195.0,0.0,779.0,779.0,0.0,1.0,0.0,46.0,59.5566794851839,45.80982851124058,0.0,rq0_0061,Buse,/ANON/experiment_root/experiments/rq0_viability/data/rendered/default/rq0_0061.png
778.0,170.0,4.576470588235294,0.9973915015877817,778.0,170.0,1.0,0.0,0.0,0.0,0.0,0.0,0.0026084984122183297,0.0,1.0,170.0,0.0,778.0,778.0,0.0,1.0,0.0,38.0,54.53995015022398,37.9008770603357,0.0,rq0_0062,Buse,/ANON/experiment_root/experiments/rq0_viability/data/rendered/default/rq0_0062.png
777.0,120.0,6.475,0.9955276705276705,777.0,120.0,1.0,0.0,0.0,0.0,0.0,0.0,0.0044723294723294504,0.0,1.0,120.0,0.0,777.0,777.0,0.0,1.0,0.0,56.0,61.21358171993913,55.74954954954955,0.0,rq0_0063,Buse,/ANON/experiment_root/experiments/rq0_viability/data/rendered/default/rq0_0063.png
779.0,220.0,3.540909090909091,0.9966098727972925,779.0,220.0,1.0,0.0,0.0,0.0,0.0,0.0,0.0033901272027074825,0.0,1.0,220.0,0.0,779.0,779.0,0.0,1.0,0.0,49.0,57.14068045852616,48.833883767067334,0.0,rq0_0064,Buse,/ANON/experiment_root/experiments/rq0_viability/data/rendered/default/rq0_0064.png
635.0,345.0,1.8405797101449275,0.9913317357069497,635.0,345.0,1.0,0.0,0.0,0.0,0.0,0.0,0.008668264293050343,0.0,1.0,345.0,0.0,635.0,635.0,0.0,1.0,0.0,65.0,55.02162754557934,64.43656282095172,0.0,rq0_0065,Buse,/ANON/experiment_root/experiments/rq0_viability/data/rendered/default/rq0_0065.png
790.0,145.0,5.448275862068965,0.9961065037101702,790.0,145.0,1.0,0.0,0.0,0.0,0.0,0.0,0.003893496289829823,0.0,1.0,145.0,0.0,790.0,790.0,0.0,1.0,0.0,39.0,57.896443916975585,38.84815364469664,0.0,rq0_0066,Buse,/ANON/experiment_root/experiments/rq0_viability/data/rendered/default/rq0_0066.png
778.0,170.0,4.576470588235294,0.9974444276425223,778.0,170.0,1.0,0.0,0.0,0.0,0.0,0.0,0.00255557235747772,0.0,1.0,170.0,0.0,778.0,778.0,0.0,1.0,0.0,38.0,53.98852510142187,37.90288825041585,0.0,rq0_0067,Buse,/ANON/experiment_root/experiments/rq0_viability/data/rendered/default/rq0_0067.png
779.0,270.0,2.8851851851851853,0.9982646317691247,779.0,270.0,1.0,0.0,0.0,0.0,0.0,0.0,0.0017353682308752783,0.0,1.0,270.0,0.0,779.0,779.0,0.0,1.0,0.0,41.0,54.54532750734431,40.92884990253411,0.0,rq0_0068,Buse,/ANON/experiment_root/experiments/rq0_viability/data/rendered/default/rq0_0068.png
767.0,295.0,2.6,0.9913464300709345,767.0,295.0,1.0,0.0,0.0,0.0,0.0,0.0,0.008653569929065519,0.0,1.0,295.0,0.0,767.0,767.0,0.0,1.0,0.0,61.0,50.300941168343606,60.472132234327006,0.0,rq0_0069,Buse,/ANON/experiment_root/experiments/rq0_viability/data/rendered/default/rq0_0069.png
777.0,320.0,2.428125,0.9970962033462033,777.0,320.0,1.0,0.0,0.0,0.0,0.0,0.0,0.0029037966537966975,0.0,1.0,320.0,0.0,777.0,777.0,0.0,1.0,0.0,39.0,55.93819492036595,38.88675193050193,0.0,rq0_0070,Buse,/ANON/experiment_root/experiments/rq0_viability/data/rendered/default/rq0_0070.png
849.0,195.0,4.3538461538461535,0.9970644196792606,849.0,195.0,1.0,0.0,0.0,0.0,0.0,0.0,0.0029355803207393727,0.0,1.0,195.0,0.0,849.0,849.0,0.0,1.0,0.0,41.0,54.285956532735646,40.87964120684968,0.0,rq0_0071,Buse,/ANON/experiment_root/experiments/rq0_viability/data/rendered/default/rq0_0071.png
778.0,170.0,4.576470588235294,0.9962044457885982,778.0,170.0,1.0,0.0,0.0,0.0,0.0,0.0,0.0037955542114017637,0.0,1.0,170.0,0.0,778.0,778.0,0.0,1.0,0.0,38.0,57.69560269959442,37.85576893996673,0.0,rq0_0072,Buse,/ANON/experiment_root/experiments/rq0_viability/data/rendered/default/rq0_0072.png
779.0,395.0,1.9721518987341773,0.9788433727108756,779.0,395.0,1.0,0.0,0.0,0.0,0.0,0.0,0.021156627289124375,0.0,1.0,395.0,0.0,779.0,779.0,0.0,1.0,0.0,52.0,50.84981510828061,50.89985538096553,0.0,rq0_0073,Buse,/ANON/experiment_root/experiments/rq0_viability/data/rendered/default/rq0_0073.png
777.0,170.0,4.570588235294117,0.9985085926262397,777.0,170.0,1.0,0.0,0.0,0.0,0.0,0.0,0.0014914073737603006,0.0,1.0,170.0,0.0,777.0,777.0,0.0,1.0,0.0,24.0,51.43621861866616,23.964206223029752,0.0,rq0_0074,Buse,/ANON/experiment_root/experiments/rq0_viability/data/rendered/default/rq0_0074.png
779.0,295.0,2.640677966101695,0.9976240725832771,779.0,295.0,1.0,0.0,0.0,0.0,0.0,0.0,0.0023759274167228783,0.0,1.0,295.0,0.0,779.0,779.0,0.0,1.0,0.0,48.0,54.8977837258887,47.8859554839973,0.0,rq0_0075,Buse,/ANON/experiment_root/experiments/rq0_viability/data/rendered/default/rq0_0075.png
780.0,245.0,3.183673469387755,0.9967032967032967,780.0,245.0,1.0,0.0,0.0,0.0,0.0,0.0,0.003296703296703285,0.0,1.0,245.0,0.0,780.0,780.0,0.0,1.0,0.0,55.0,58.19281007894968,54.81868131868132,0.0,rq0_0076,Buse,/ANON/experiment_root/experiments/rq0_viability/data/rendered/default/rq0_0076.png
778.0,320.0,2.43125,0.9986865359897172,778.0,320.0,1.0,0.0,0.0,0.0,0.0,0.0,0.001313464010282761,0.0,1.0,320.0,0.0,778.0,778.0,0.0,1.0,0.0,56.0,48.453727074467544,55.92644601542416,0.0,rq0_0077,Buse,/ANON/experiment_root/experiments/rq0_viability/data/rendered/default/rq0_0077.png
779.0,395.0,1.9721518987341773,0.9756747534164216,779.0,395.0,1.0,0.0,0.0,0.0,0.0,0.0,0.024325246583578375,0.0,1.0,395.0,0.0,779.0,779.0,0.0,1.0,0.0,40.0,47.65811421442361,39.02699013665686,0.0,rq0_0078,Buse,/ANON/experiment_root/experiments/rq0_viability/data/rendered/default/rq0_0078.png
778.0,370.0,2.1027027027027025,0.9890224414646008,778.0,370.0,1.0,0.0,0.0,0.0,0.0,0.0,0.010977558535399168,0.0,1.0,370.0,0.0,778.0,778.0,0.0,1.0,0.0,41.0,52.44900736535491,40.54992010004863,0.0,rq0_0079,Buse,/ANON/experiment_root/experiments/rq0_viability/data/rendered/default/rq0_0079.png
778.0,195.0,3.98974358974359,0.9973106584931778,778.0,195.0,1.0,0.0,0.0,0.0,0.0,0.0,0.002689341506822207,0.0,1.0,195.0,0.0,778.0,778.0,0.0,1.0,0.0,52.0,52.904335723997,51.86015424164525,0.0,rq0_0080,Buse,/ANON/experiment_root/experiments/rq0_viability/data/rendered/default/rq0_0080.png
790.0,270.0,2.925925925925926,0.996404125644632,790.0,270.0,1.0,0.0,0.0,0.0,0.0,0.0,0.0035958743553680117,0.0,1.0,270.0,0.0,790.0,790.0,0.0,1.0,0.0,46.0,57.50924977356821,45.83458977965307,0.0,rq0_0081,Buse,/ANON/experiment_root/experiments/rq0_viability/data/rendered/default/rq0_0081.png
780.0,270.0,2.888888888888889,0.9729534662867996,780.0,270.0,1.0,0.0,0.0,0.0,0.0,0.0,0.027046533713200427,0.0,1.0,270.0,0.0,780.0,780.0,0.0,1.0,0.0,29.0,47.98371311185449,28.215650522317187,0.0,rq0_0082,Buse,/ANON/experiment_root/experiments/rq0_viability/data/rendered/default/rq0_0082.png
779.0,370.0,2.1054054054054054,0.986455261423169,779.0,370.0,1.0,0.0,0.0,0.0,0.0,0.0,0.013544738576831028,0.0,1.0,370.0,0.0,779.0,779.0,0.0,1.0,0.0,52.0,51.83770843829462,51.29567359400479,0.0,rq0_0083,Buse,/ANON/experiment_root/experiments/rq0_viability/data/rendered/default/rq0_0083.png
777.0,295.0,2.6338983050847458,0.9990707414436228,777.0,295.0,1.0,0.0,0.0,0.0,0.0,0.0,0.0009292585563771549,0.0,1.0,295.0,0.0,777.0,777.0,0.0,1.0,0.0,58.0,50.38237293390896,57.94610300373012,0.0,rq0_0084,Buse,/ANON/experiment_root/experiments/rq0_viability/data/rendered/default/rq0_0084.png
778.0,245.0,3.1755102040816325,0.9985205393211269,778.0,245.0,1.0,0.0,0.0,0.0,0.0,0.0,0.0014794606788730569,0.0,1.0,245.0,0.0,778.0,778.0,0.0,1.0,0.0,54.0,53.78026236388297,53.92010912334086,0.0,rq0_0085,Buse,/ANON/experiment_root/experiments/rq0_viability/data/rendered/default/rq0_0085.png
778.0,170.0,4.576470588235294,0.9970512626644488,778.0,170.0,1.0,0.0,0.0,0.0,0.0,0.0,0.0029487373355512325,0.0,1.0,170.0,0.0,778.0,778.0,0.0,1.0,0.0,51.0,56.7065573731989,50.84961439588689,0.0,rq0_0086,Buse,/ANON/experiment_root/experiments/rq0_viability/data/rendered/default/rq0_0086.png
562.0,295.0,1.9050847457627118,0.9984196875565474,562.0,295.0,1.0,0.0,0.0,0.0,0.0,0.0,0.0015803124434525806,0.0,1.0,295.0,0.0,562.0,562.0,0.0,1.0,0.0,47.0,59.15062271012287,46.92572531515773,0.0,rq0_0087,Buse,/ANON/experiment_root/experiments/rq0_viability/data/rendered/default/rq0_0087.png
779.0,320.0,2.434375,0.9967466302952503,779.0,320.0,1.0,0.0,0.0,0.0,0.0,0.0,0.0032533697047496535,0.0,1.0,320.0,0.0,779.0,779.0,0.0,1.0,0.0,47.0,55.89031816521668,46.847091623876764,0.0,rq0_0088,Buse,/ANON/experiment_root/experiments/rq0_viability/data/rendered/default/rq0_0088.png
777.0,220.0,3.5318181818181817,0.9965601965601966,777.0,220.0,1.0,0.0,0.0,0.0,0.0,0.0,0.003439803439803435,0.0,1.0,220.0,0.0,777.0,777.0,0.0,1.0,0.0,58.0,59.19446551511024,57.8004914004914,0.0,rq0_0089,Buse,/ANON/experiment_root/experiments/rq0_viability/data/rendered/default/rq0_0089.png
778.0,320.0,2.43125,0.989825674807198,778.0,320.0,1.0,0.0,0.0,0.0,0.0,0.0,0.010174325192802036,0.0,1.0,320.0,0.0,778.0,778.0,0.0,1.0,0.0,49.0,51.50705054298839,48.5014580655527,0.0,rq0_0090,Buse,/ANON/experiment_root/experiments/rq0_viability/data/rendered/default/rq0_0090.png
970.0,345.0,2.8115942028985508,0.998009861048857,970.0,345.0,1.0,0.0,0.0,0.0,0.0,0.0,0.0019901389511429723,0.0,1.0,345.0,0.0,970.0,970.0,0.0,1.0,0.0,52.0,51.47557869027022,51.89651277454057,0.0,rq0_0091,Buse,/ANON/experiment_root/experiments/rq0_viability/data/rendered/default/rq0_0091.png
453.0,170.0,2.664705882352941,0.9980911569925983,453.0,170.0,1.0,0.0,0.0,0.0,0.0,0.0,0.0019088430074016838,0.0,1.0,170.0,0.0,453.0,453.0,0.0,1.0,0.0,40.0,59.92108160701499,39.92364627970393,0.0,rq0_0092,Buse,/ANON/experiment_root/experiments/rq0_viability/data/rendered/default/rq0_0092.png
779.0,170.0,4.58235294117647,0.9973193385184626,779.0,170.0,1.0,0.0,0.0,0.0,0.0,0.0,0.0026806614815374497,0.0,1.0,170.0,0.0,779.0,779.0,0.0,1.0,0.0,38.0,56.929810249157946,37.89813486370158,0.0,rq0_0093,Buse,/ANON/experiment_root/experiments/rq0_viability/data/rendered/default/rq0_0093.png
657.0,270.0,2.433333333333333,0.9876317718022436,657.0,270.0,1.0,0.0,0.0,0.0,0.0,0.0,0.012368228197756403,0.0,1.0,270.0,0.0,657.0,657.0,0.0,1.0,0.0,41.0,55.820329543690605,40.49290264389199,0.0,rq0_0094,Buse,/ANON/experiment_root/experiments/rq0_viability/data/rendered/default/rq0_0094.png
777.0,295.0,2.6338983050847458,0.9974216347097703,777.0,295.0,1.0,0.0,0.0,0.0,0.0,0.0,0.0025783652902297005,0.0,1.0,295.0,0.0,777.0,777.0,0.0,1.0,0.0,58.0,56.74415017648689,57.85045481316668,0.0,rq0_0095,Buse,/ANON/experiment_root/experiments/rq0_viability/data/rendered/default/rq0_0095.png
875.0,145.0,6.0344827586206895,0.9970443349753695,875.0,145.0,1.0,0.0,0.0,0.0,0.0,0.0,0.002955665024630516,0.0,1.0,145.0,0.0,875.0,875.0,0.0,1.0,0.0,55.0,54.43017181778742,54.837438423645324,0.0,rq0_0096,Buse,/ANON/experiment_root/experiments/rq0_viability/data/rendered/default/rq0_0096.png
777.0,345.0,2.252173913043478,0.9968813534030926,777.0,345.0,1.0,0.0,0.0,0.0,0.0,0.0,0.003118646596907415,0.0,1.0,345.0,0.0,777.0,777.0,0.0,1.0,0.0,53.0,55.40404272092186,52.83471173036391,0.0,rq0_0097,Buse,/ANON/experiment_root/experiments/rq0_viability/data/rendered/default/rq0_0097.png
778.0,345.0,2.255072463768116,0.996289258969487,778.0,345.0,1.0,0.0,0.0,0.0,0.0,0.0,0.003710741030513054,0.0,1.0,345.0,0.0,778.0,778.0,0.0,1.0,0.0,62.0,57.922528215991186,61.76993405610819,0.0,rq0_0098,Buse,/ANON/experiment_root/experiments/rq0_viability/data/rendered/default/rq0_0098.png
804.0,1270.0,0.6330708661417322,0.9978405218004466,804.0,1270.0,1.0,0.0,0.0,0.0,0.0,0.0,0.002159478199553422,0.0,1.0,1270.0,0.0,804.0,804.0,0.0,1.0,0.0,53.0,49.80093777481182,52.88554765542367,0.0,rq0_0099,Dorn,/ANON/experiment_root/experiments/rq0_viability/data/rendered/default/rq0_0099.png
1020.0,1470.0,0.6938775510204082,0.9977517673736161,1020.0,1470.0,1.0,0.0,0.0,0.0,0.0,0.0,0.0022482326263838504,0.0,1.0,1470.0,0.0,1020.0,1020.0,0.0,1.0,0.0,64.0,48.206541004780746,63.856113111911434,0.0,rq0_0100,Dorn,/ANON/experiment_root/experiments/rq0_viability/data/rendered/default/rq0_0100.png
838.0,320.0,2.61875,0.9963715692124105,838.0,320.0,1.0,0.0,0.0,0.0,0.0,0.0,0.003628430787589454,0.0,1.0,320.0,0.0,838.0,838.0,0.0,1.0,0.0,48.0,55.92996352215219,47.82583532219571,0.0,rq0_0101,Dorn,/ANON/experiment_root/experiments/rq0_viability/data/rendered/default/rq0_0101.png
705.0,270.0,2.611111111111111,0.9990491200420278,705.0,270.0,1.0,0.0,0.0,0.0,0.0,0.0,0.0009508799579721616,0.0,1.0,270.0,0.0,705.0,705.0,0.0,1.0,0.0,56.0,49.611688849914046,55.946750722353556,0.0,rq0_0102,Dorn,/ANON/experiment_root/experiments/rq0_viability/data/rendered/default/rq0_0102.png
910.0,1695.0,0.5368731563421829,0.9954539855424811,910.0,1695.0,1.0,0.0,0.0,0.0,0.0,0.0,0.004546014457518899,0.0,1.0,1695.0,0.0,910.0,910.0,0.0,1.0,0.0,67.0,53.243076093735645,66.69541703134624,0.0,rq0_0103,Dorn,/ANON/experiment_root/experiments/rq0_viability/data/rendered/default/rq0_0103.png
778.0,1320.0,0.5893939393939394,0.9976376879333178,778.0,1320.0,1.0,0.0,0.0,0.0,0.0,0.0,0.0023623120666822484,0.0,1.0,1320.0,0.0,778.0,778.0,0.0,1.0,0.0,69.0,49.496172353543585,68.83700046739892,0.0,rq0_0104,Dorn,/ANON/experiment_root/experiments/rq0_viability/data/rendered/default/rq0_0104.png
780.0,295.0,2.6440677966101696,0.9986701434159061,780.0,295.0,1.0,0.0,0.0,0.0,0.0,0.0,0.0013298565840939025,0.0,1.0,295.0,0.0,780.0,780.0,0.0,1.0,0.0,49.0,50.00444149938957,48.9348370273794,0.0,rq0_0105,Dorn,/ANON/experiment_root/experiments/rq0_viability/data/rendered/default/rq0_0105.png
923.0,1370.0,0.6737226277372262,0.9975136614182569,923.0,1370.0,1.0,0.0,0.0,0.0,0.0,0.0,0.002486338581743075,0.0,1.0,1370.0,0.0,923.0,923.0,0.0,1.0,0.0,51.0,49.14412222675999,50.8731967323311,0.0,rq0_0106,Dorn,/ANON/experiment_root/experiments/rq0_viability/data/rendered/default/rq0_0106.png
840.0,770.0,1.0909090909090908,0.9972047000618429,840.0,770.0,1.0,0.0,0.0,0.0,0.0,0.0,0.002795299938157081,0.0,1.0,770.0,0.0,840.0,840.0,0.0,1.0,0.0,49.0,51.51007180888869,48.8630303030303,0.0,rq0_0107,Dorn,/ANON/experiment_root/experiments/rq0_viability/data/rendered/default/rq0_0107.png
802.0,820.0,0.9780487804878049,0.9964114104981449,802.0,820.0,1.0,0.0,0.0,0.0,0.0,0.0,0.003588589501855144,0.0,1.0,820.0,0.0,802.0,802.0,0.0,1.0,0.0,61.0,47.28973569367784,60.781096040386835,0.0,rq0_0108,Dorn,/ANON/experiment_root/experiments/rq0_viability/data/rendered/default/rq0_0108.png
899.0,1295.0,0.6942084942084942,0.9981068626229916,899.0,1295.0,1.0,0.0,0.0,0.0,0.0,0.0,0.0018931373770083582,0.0,1.0,1295.0,0.0,899.0,899.0,0.0,1.0,0.0,55.0,49.79511454338443,54.89587744426454,0.0,rq0_0109,Dorn,/ANON/experiment_root/experiments/rq0_viability/data/rendered/default/rq0_0109.png
548.0,270.0,2.0296296296296297,0.9986212489862125,548.0,270.0,1.0,0.0,0.0,0.0,0.0,0.0,0.0013787510137874825,0.0,1.0,270.0,0.0,548.0,548.0,0.0,1.0,0.0,37.0,54.519247174106205,36.948986212489864,0.0,rq0_0110,Dorn,/ANON/experiment_root/experiments/rq0_viability/data/rendered/default/rq0_0110.png
743.0,245.0,3.0326530612244897,0.982909879968138,743.0,245.0,1.0,0.0,0.0,0.0,0.0,0.0,0.017090120031862055,0.0,1.0,245.0,0.0,743.0,743.0,0.0,1.0,0.0,40.0,48.76006890522283,39.316395198725516,0.0,rq0_0111,Dorn,/ANON/experiment_root/experiments/rq0_viability/data/rendered/default/rq0_0111.png
850.0,770.0,1.103896103896104,0.9966142093200917,850.0,770.0,1.0,0.0,0.0,0.0,0.0,0.0,0.003385790679908296,0.0,1.0,770.0,0.0,850.0,850.0,0.0,1.0,0.0,49.0,51.27383958437297,48.8340962566845,0.0,rq0_0112,Dorn,/ANON/experiment_root/experiments/rq0_viability/data/rendered/default/rq0_0112.png
779.0,1395.0,0.5584229390681004,0.9883988754997907,779.0,1395.0,1.0,0.0,0.0,0.0,0.0,0.0,0.011601124500209337,0.0,1.0,1395.0,0.0,779.0,779.0,0.0,1.0,0.0,49.0,48.95052097065708,48.431544899489744,0.0,rq0_0113,Dorn,/ANON/experiment_root/experiments/rq0_viability/data/rendered/default/rq0_0113.png
779.0,895.0,0.870391061452514,0.9966279645154581,779.0,895.0,1.0,0.0,0.0,0.0,0.0,0.0,0.003372035484541902,0.0,1.0,895.0,0.0,779.0,779.0,0.0,1.0,0.0,69.0,53.25428410834829,68.7673295515666,0.0,rq0_0114,Dorn,/ANON/experiment_root/experiments/rq0_viability/data/rendered/default/rq0_0114.png
971.0,270.0,3.596296296296296,0.9993324941831636,971.0,270.0,1.0,0.0,0.0,0.0,0.0,0.0,0.000667505816836389,0.0,1.0,270.0,0.0,971.0,971.0,0.0,1.0,0.0,57.0,44.01806180809752,56.96195216844033,0.0,rq0_0115,Dorn,/ANON/experiment_root/experiments/rq0_viability/data/rendered/default/rq0_0115.png
838.0,1570.0,0.5337579617834395,0.9855699800860405,838.0,1570.0,1.0,0.0,0.0,0.0,0.0,0.0,0.014430019913959535,0.0,1.0,1570.0,0.0,838.0,838.0,0.0,1.0,0.0,58.0,49.29157770678573,57.163058844990346,0.0,rq0_0116,Dorn,/ANON/experiment_root/experiments/rq0_viability/data/rendered/default/rq0_0116.png
779.0,295.0,2.640677966101695,0.9867061204064316,779.0,295.0,1.0,0.0,0.0,0.0,0.0,0.0,0.013293879593568425,0.0,1.0,295.0,0.0,779.0,779.0,0.0,1.0,0.0,39.0,45.47832314554247,38.48153869585083,0.0,rq0_0117,Dorn,/ANON/experiment_root/experiments/rq0_viability/data/rendered/default/rq0_0117.png
800.0,1395.0,0.5734767025089605,0.997986559139785,800.0,1395.0,1.0,0.0,0.0,0.0,0.0,0.0,0.0020134408602150433,0.0,1.0,1395.0,0.0,800.0,800.0,0.0,1.0,0.0,51.0,54.021699179607914,50.897314516129036,0.0,rq0_0118,Dorn,/ANON/experiment_root/experiments/rq0_viability/data/rendered/default/rq0_0118.png
670.0,220.0,3.0454545454545454,0.9972455902306648,670.0,220.0,1.0,0.0,0.0,0.0,0.0,0.0,0.0027544097693351643,0.0,1.0,220.0,0.0,670.0,670.0,0.0,1.0,0.0,47.0,55.735984965191854,46.870542740841245,0.0,rq0_0119,Dorn,/ANON/experiment_root/experiments/rq0_viability/data/rendered/default/rq0_0119.png
839.0,295.0,2.8440677966101693,0.9990545645542515,839.0,295.0,1.0,0.0,0.0,0.0,0.0,0.0,0.0009454354457485437,0.0,1.0,295.0,0.0,839.0,839.0,0.0,1.0,0.0,57.0,49.35376106720813,56.94611017959233,0.0,rq0_0120,Dorn,/ANON/experiment_root/experiments/rq0_viability/data/rendered/default/rq0_0120.png
791.0,795.0,0.9949685534591195,0.9782792262004151,791.0,795.0,1.0,0.0,0.0,0.0,0.0,0.0,0.021720773799584925,0.0,1.0,795.0,0.0,791.0,791.0,0.0,1.0,0.0,40.0,45.870311759295696,39.1311690480166,0.0,rq0_0121,Dorn,/ANON/experiment_root/experiments/rq0_viability/data/rendered/default/rq0_0121.png
826.0,845.0,0.9775147928994082,0.9971316818774446,826.0,845.0,1.0,0.0,0.0,0.0,0.0,0.0,0.002868318122555391,0.0,1.0,845.0,0.0,826.0,826.0,0.0,1.0,0.0,42.0,53.35959630176257,41.87953063885267,0.0,rq0_0122,Dorn,/ANON/experiment_root/experiments/rq0_viability/data/rendered/default/rq0_0122.png
680.0,270.0,2.5185185185185186,0.9978322440087146,680.0,270.0,1.0,0.0,0.0,0.0,0.0,0.0,0.0021677559912853805,0.0,1.0,270.0,0.0,680.0,680.0,0.0,1.0,0.0,39.0,54.56789704845291,38.91545751633987,0.0,rq0_0123,Dorn,/ANON/experiment_root/experiments/rq0_viability/data/rendered/default/rq0_0123.png
875.0,270.0,3.240740740740741,0.9968677248677249,875.0,270.0,1.0,0.0,0.0,0.0,0.0,0.0,0.0031322751322750975,0.0,1.0,270.0,0.0,875.0,875.0,0.0,1.0,0.0,33.0,52.877061154770146,32.896634920634924,0.0,rq0_0124,Dorn,/ANON/experiment_root/experiments/rq0_viability/data/rendered/default/rq0_0124.png
779.0,1070.0,0.72803738317757,0.9776864659940254,779.0,1070.0,1.0,0.0,0.0,0.0,0.0,0.0,0.022313534005974578,0.0,1.0,1070.0,0.0,779.0,779.0,0.0,1.0,0.0,29.0,53.39659077055103,28.352907513826736,0.0,rq0_0125,Dorn,/ANON/experiment_root/experiments/rq0_viability/data/rendered/default/rq0_0125.png
779.0,320.0,2.434375,0.9952262516046213,779.0,320.0,1.0,0.0,0.0,0.0,0.0,0.0,0.004773748395378696,0.0,1.0,320.0,0.0,779.0,779.0,0.0,1.0,0.0,60.0,60.501324709052355,59.71357509627728,0.0,rq0_0126,Dorn,/ANON/experiment_root/experiments/rq0_viability/data/rendered/default/rq0_0126.png
814.0,1320.0,0.6166666666666667,0.9879457970367062,814.0,1320.0,1.0,0.0,0.0,0.0,0.0,0.0,0.012054202963293847,0.0,1.0,1320.0,0.0,814.0,814.0,0.0,1.0,0.0,49.0,47.611975250743285,48.4093440547986,0.0,rq0_0127,Dorn,/ANON/experiment_root/experiments/rq0_viability/data/rendered/default/rq0_0127.png
779.0,870.0,0.8954022988505748,0.9925191447921738,779.0,870.0,1.0,0.0,0.0,0.0,0.0,0.0,0.007480855207826154,0.0,1.0,870.0,0.0,779.0,779.0,0.0,1.0,0.0,53.0,53.10151880229857,52.60351467398522,0.0,rq0_0128,Dorn,/ANON/experiment_root/experiments/rq0_viability/data/rendered/default/rq0_0128.png
585.0,1270.0,0.46062992125984253,0.9976189514772192,585.0,1270.0,1.0,0.0,0.0,0.0,0.0,0.0,0.00238104852278076,0.0,1.0,1270.0,0.0,585.0,585.0,0.0,1.0,0.0,37.0,55.844049552378316,36.91190120465711,0.0,rq0_0129,Dorn,/ANON/experiment_root/experiments/rq0_viability/data/rendered/default/rq0_0129.png
849.0,795.0,1.0679245283018868,0.9975079820136157,849.0,795.0,1.0,0.0,0.0,0.0,0.0,0.0,0.0024920179863843206,0.0,1.0,795.0,0.0,849.0,849.0,0.0,1.0,0.0,47.0,51.70246553816099,46.88287515463994,0.0,rq0_0130,Dorn,/ANON/experiment_root/experiments/rq0_viability/data/rendered/default/rq0_0130.png
803.0,795.0,1.010062893081761,0.9982816012280991,803.0,795.0,1.0,0.0,0.0,0.0,0.0,0.0,0.001718398771900942,0.0,1.0,795.0,0.0,803.0,803.0,0.0,1.0,0.0,37.0,49.900839774763995,36.936419245439666,0.0,rq0_0131,Dorn,/ANON/experiment_root/experiments/rq0_viability/data/rendered/default/rq0_0131.png
720.0,270.0,2.6666666666666665,0.9874485596707819,720.0,270.0,1.0,0.0,0.0,0.0,0.0,0.0,0.012551440329218067,0.0,1.0,270.0,0.0,720.0,720.0,0.0,1.0,0.0,39.0,48.33467780120877,38.510493827160495,0.0,rq0_0132,Dorn,/ANON/experiment_root/experiments/rq0_viability/data/rendered/default/rq0_0132.png
863.0,820.0,1.052439024390244,0.9968968148545911,863.0,820.0,1.0,0.0,0.0,0.0,0.0,0.0,0.00310318514540886,0.0,1.0,820.0,0.0,863.0,863.0,0.0,1.0,0.0,57.0,52.208648339220915,56.823118446711696,0.0,rq0_0133,Dorn,/ANON/experiment_root/experiments/rq0_viability/data/rendered/default/rq0_0133.png
959.0,270.0,3.551851851851852,0.9993241416599081,959.0,270.0,1.0,0.0,0.0,0.0,0.0,0.0,0.0006758583400918727,0.0,1.0,270.0,0.0,959.0,959.0,0.0,1.0,0.0,58.0,44.332211310596094,57.96080021627467,0.0,rq0_0134,Dorn,/ANON/experiment_root/experiments/rq0_viability/data/rendered/default/rq0_0134.png
826.0,1920.0,0.43020833333333336,0.9978176705004036,826.0,1920.0,1.0,0.0,0.0,0.0,0.0,0.0,0.0021823294995964027,0.0,1.0,1920.0,0.0,826.0,826.0,0.0,1.0,0.0,46.0,54.215175098456854,45.899612843018566,0.0,rq0_0135,Dorn,/ANON/experiment_root/experiments/rq0_viability/data/rendered/default/rq0_0135.png
779.0,1395.0,0.5584229390681004,0.9930818391375764,779.0,1395.0,1.0,0.0,0.0,0.0,0.0,0.0,0.0069181608624235835,0.0,1.0,1395.0,0.0,779.0,779.0,0.0,1.0,0.0,44.0,49.1972099672918,43.69560092205336,0.0,rq0_0136,Dorn,/ANON/experiment_root/experiments/rq0_viability/data/rendered/default/rq0_0136.png
888.0,845.0,1.050887573964497,0.9958220054373901,888.0,845.0,1.0,0.0,0.0,0.0,0.0,0.0,0.004177994562609921,0.0,1.0,845.0,0.0,888.0,888.0,0.0,1.0,0.0,36.0,57.42284678456294,35.84959219574604,0.0,rq0_0137,Dorn,/ANON/experiment_root/experiments/rq0_viability/data/rendered/default/rq0_0137.png
851.0,270.0,3.151851851851852,0.99784131958045,851.0,270.0,1.0,0.0,0.0,0.0,0.0,0.0,0.0021586804195500298,0.0,1.0,270.0,0.0,851.0,851.0,0.0,1.0,0.0,62.0,53.77389447395097,61.8661618139879,0.0,rq0_0138,Dorn,/ANON/experiment_root/experiments/rq0_viability/data/rendered/default/rq0_0138.png
777.0,1295.0,0.6,0.9960912926163892,777.0,1295.0,1.0,0.0,0.0,0.0,0.0,0.0,0.003908707383610821,0.0,1.0,1295.0,0.0,777.0,777.0,0.0,1.0,0.0,60.0,48.654627922407485,59.76547755698335,0.0,rq0_0139,Dorn,/ANON/experiment_root/experiments/rq0_viability/data/rendered/default/rq0_0139.png
873.0,1345.0,0.6490706319702603,0.9956369737307154,873.0,1345.0,1.0,0.0,0.0,0.0,0.0,0.0,0.004363026269284642,0.0,1.0,1345.0,0.0,873.0,873.0,0.0,1.0,0.0,58.0,51.20320974915187,57.74694447638149,0.0,rq0_0140,Dorn,/ANON/experiment_root/experiments/rq0_viability/data/rendered/default/rq0_0140.png
851.0,870.0,0.9781609195402299,0.9969933951942948,851.0,870.0,1.0,0.0,0.0,0.0,0.0,0.0,0.0030066048057052486,0.0,1.0,870.0,0.0,851.0,851.0,0.0,1.0,0.0,46.0,52.60102104339278,45.86169617893756,0.0,rq0_0141,Dorn,/ANON/experiment_root/experiments/rq0_viability/data/rendered/default/rq0_0141.png
863.0,845.0,1.021301775147929,0.9979183665073673,863.0,845.0,1.0,0.0,0.0,0.0,0.0,0.0,0.002081633492632684,0.0,1.0,845.0,0.0,863.0,863.0,0.0,1.0,0.0,55.0,49.164260944106786,54.8855101579052,0.0,rq0_0142,Dorn,/ANON/experiment_root/experiments/rq0_viability/data/rendered/default/rq0_0142.png
778.0,270.0,2.8814814814814813,0.9940159954298772,778.0,270.0,1.0,0.0,0.0,0.0,0.0,0.0,0.005984004570122825,0.0,1.0,270.0,0.0,778.0,778.0,0.0,1.0,0.0,25.0,67.325524598971,24.850399885746928,0.0,rq0_0143,Dorn,/ANON/experiment_root/experiments/rq0_viability/data/rendered/default/rq0_0143.png
828.0,320.0,2.5875,0.9967391304347826,828.0,320.0,1.0,0.0,0.0,0.0,0.0,0.0,0.003260869565217428,0.0,1.0,320.0,0.0,828.0,828.0,0.0,1.0,0.0,39.0,56.01334289055172,38.87282608695652,0.0,rq0_0144,Dorn,/ANON/experiment_root/experiments/rq0_viability/data/rendered/default/rq0_0144.png
405.0,245.0,1.653061224489796,0.9994860166288738,405.0,245.0,1.0,0.0,0.0,0.0,0.0,0.0,0.000513983371126181,0.0,1.0,245.0,0.0,405.0,405.0,0.0,1.0,0.0,35.0,62.152643037320196,34.98201058201058,0.0,rq0_0145,Dorn,/ANON/experiment_root/experiments/rq0_viability/data/rendered/default/rq0_0145.png
779.0,945.0,0.8243386243386244,0.96855825199856,779.0,945.0,1.0,0.0,0.0,0.0,0.0,0.0,0.03144174800143995,0.0,1.0,945.0,0.0,779.0,779.0,0.0,1.0,0.0,49.0,44.54903134354844,47.45935434792944,0.0,rq0_0146,Dorn,/ANON/experiment_root/experiments/rq0_viability/data/rendered/default/rq0_0146.png
838.0,270.0,3.1037037037037036,0.984937682312384,838.0,270.0,1.0,0.0,0.0,0.0,0.0,0.0,0.015062317687616011,0.0,1.0,270.0,0.0,838.0,838.0,0.0,1.0,0.0,41.0,49.86599544304463,40.38244497480775,0.0,rq0_0147,Dorn,/ANON/experiment_root/experiments/rq0_viability/data/rendered/default/rq0_0147.png
911.0,1645.0,0.5537993920972645,0.9976918380216135,911.0,1645.0,1.0,0.0,0.0,0.0,0.0,0.0,0.002308161978386458,0.0,1.0,1645.0,0.0,911.0,911.0,0.0,1.0,0.0,48.0,51.2737608420257,47.88920822503745,0.0,rq0_0148,Dorn,/ANON/experiment_root/experiments/rq0_viability/data/rendered/default/rq0_0148.png
779.0,1420.0,0.5485915492957747,0.9828454681878175,779.0,1420.0,1.0,0.0,0.0,0.0,0.0,0.0,0.017154531812182516,0.0,1.0,1420.0,0.0,779.0,779.0,0.0,1.0,0.0,49.0,46.87687887175647,48.159427941203056,0.0,rq0_0149,Dorn,/ANON/experiment_root/experiments/rq0_viability/data/rendered/default/rq0_0149.png
777.0,795.0,0.9773584905660377,0.9989153574059234,777.0,795.0,1.0,0.0,0.0,0.0,0.0,0.0,0.0010846425940765902,0.0,1.0,795.0,0.0,777.0,777.0,0.0,1.0,0.0,57.0,45.57838936272122,56.938175372137636,0.0,rq0_0150,Dorn,/ANON/experiment_root/experiments/rq0_viability/data/rendered/default/rq0_0150.png
864.0,1495.0,0.5779264214046823,0.998032020314629,864.0,1495.0,1.0,0.0,0.0,0.0,0.0,0.0,0.0019679796853709908,0.0,1.0,1495.0,0.0,864.0,864.0,0.0,1.0,0.0,49.0,50.649679364255505,48.90356899541682,0.0,rq0_0151,Dorn,/ANON/experiment_root/experiments/rq0_viability/data/rendered/default/rq0_0151.png
1080.0,1370.0,0.7883211678832117,0.9945336577453365,1080.0,1370.0,1.0,0.0,0.0,0.0,0.0,0.0,0.00546634225466347,0.0,1.0,1370.0,0.0,1080.0,1080.0,0.0,1.0,0.0,71.0,43.338651620529745,70.61188969991889,0.0,rq0_0152,Dorn,/ANON/experiment_root/experiments/rq0_viability/data/rendered/default/rq0_0152.png
694.0,270.0,2.5703703703703704,0.9858255950474971,694.0,270.0,1.0,0.0,0.0,0.0,0.0,0.0,0.014174404952502884,0.0,1.0,270.0,0.0,694.0,694.0,0.0,1.0,0.0,49.0,50.13250248691269,48.30545415732736,0.0,rq0_0153,Dorn,/ANON/experiment_root/experiments/rq0_viability/data/rendered/default/rq0_0153.png
633.0,245.0,2.583673469387755,0.9982138827094819,633.0,245.0,1.0,0.0,0.0,0.0,0.0,0.0,0.001786117290518141,0.0,1.0,245.0,0.0,633.0,633.0,0.0,1.0,0.0,48.0,55.291297977611386,47.91426637005513,0.0,rq0_0154,Dorn,/ANON/experiment_root/experiments/rq0_viability/data/rendered/default/rq0_0154.png
776.0,795.0,0.9761006289308176,0.9981148285028854,776.0,795.0,1.0,0.0,0.0,0.0,0.0,0.0,0.001885171497114646,0.0,1.0,795.0,0.0,776.0,776.0,0.0,1.0,0.0,42.0,50.1684869084183,41.92082279712118,0.0,rq0_0155,Dorn,/ANON/experiment_root/experiments/rq0_viability/data/rendered/default/rq0_0155.png
778.0,270.0,2.8814814814814813,0.9975721222507855,778.0,270.0,1.0,0.0,0.0,0.0,0.0,0.0,0.002427877749214491,0.0,1.0,270.0,0.0,778.0,778.0,0.0,1.0,0.0,42.0,52.149539374202156,41.89802913453299,0.0,rq0_0156,Dorn,/ANON/experiment_root/experiments/rq0_viability/data/rendered/default/rq0_0156.png
779.0,995.0,0.7829145728643216,0.9948548906277214,779.0,995.0,1.0,0.0,0.0,0.0,0.0,0.0,0.005145109372278633,0.0,1.0,995.0,0.0,779.0,779.0,0.0,1.0,0.0,70.0,55.755192219273404,69.6398423439405,0.0,rq0_0157,Dorn,/ANON/experiment_root/experiments/rq0_viability/data/rendered/default/rq0_0157.png
778.0,295.0,2.6372881355932205,0.9990065792340203,778.0,295.0,1.0,0.0,0.0,0.0,0.0,0.0,0.0009934207659797467,0.0,1.0,295.0,0.0,778.0,778.0,0.0,1.0,0.0,55.0,49.50962402092701,54.94536185787111,0.0,rq0_0158,Dorn,/ANON/experiment_root/experiments/rq0_viability/data/rendered/default/rq0_0158.png
852.0,1495.0,0.5698996655518395,0.9952156641072747,852.0,1495.0,1.0,0.0,0.0,0.0,0.0,0.0,0.004784335892725311,0.0,1.0,1495.0,0.0,852.0,852.0,0.0,1.0,0.0,49.0,54.047037571866326,48.76556754125646,0.0,rq0_0159,Dorn,/ANON/experiment_root/experiments/rq0_viability/data/rendered/default/rq0_0159.png
778.0,295.0,2.6372881355932205,0.9943749727680711,778.0,295.0,1.0,0.0,0.0,0.0,0.0,0.0,0.005625027231928925,0.0,1.0,295.0,0.0,778.0,778.0,0.0,1.0,0.0,41.0,52.76166379469681,40.769373883490914,0.0,rq0_0160,Dorn,/ANON/experiment_root/experiments/rq0_viability/data/rendered/default/rq0_0160.png
815.0,1395.0,0.5842293906810035,0.9899307342172966,815.0,1395.0,1.0,0.0,0.0,0.0,0.0,0.0,0.010069265782703396,0.0,1.0,1395.0,0.0,815.0,815.0,0.0,1.0,0.0,53.0,48.20600468383027,52.46632891351672,0.0,rq0_0161,Dorn,/ANON/experiment_root/experiments/rq0_viability/data/rendered/default/rq0_0161.png
778.0,320.0,2.43125,0.9939669023136247,778.0,320.0,1.0,0.0,0.0,0.0,0.0,0.0,0.006033097686375277,0.0,1.0,320.0,0.0,778.0,778.0,0.0,1.0,0.0,49.0,55.678962903258025,48.70437821336761,0.0,rq0_0162,Dorn,/ANON/experiment_root/experiments/rq0_viability/data/rendered/default/rq0_0162.png
961.0,1320.0,0.728030303030303,0.9977217544855422,961.0,1320.0,1.0,0.0,0.0,0.0,0.0,0.0,0.0022782455144577662,0.0,1.0,1320.0,0.0,961.0,961.0,0.0,1.0,0.0,40.0,47.99404907538107,39.90887017942169,0.0,rq0_0163,Dorn,/ANON/experiment_root/experiments/rq0_viability/data/rendered/default/rq0_0163.png
863.0,320.0,2.696875,0.9953106894553881,863.0,320.0,1.0,0.0,0.0,0.0,0.0,0.0,0.004689310544611858,0.0,1.0,320.0,0.0,863.0,863.0,0.0,1.0,0.0,48.0,49.82769661623696,47.77491309385863,0.0,rq0_0164,Dorn,/ANON/experiment_root/experiments/rq0_viability/data/rendered/default/rq0_0164.png
766.0,270.0,2.837037037037037,0.9949086161879895,766.0,270.0,1.0,0.0,0.0,0.0,0.0,0.0,0.005091383812010464,0.0,1.0,270.0,0.0,766.0,766.0,0.0,1.0,0.0,49.0,50.64947810628976,48.75052219321149,0.0,rq0_0165,Dorn,/ANON/experiment_root/experiments/rq0_viability/data/rendered/default/rq0_0165.png
803.0,795.0,1.010062893081761,0.996735512269242,803.0,795.0,1.0,0.0,0.0,0.0,0.0,0.0,0.0032644877307580478,0.0,1.0,795.0,0.0,803.0,803.0,0.0,1.0,0.0,53.0,55.91885334718938,52.82698215026982,0.0,rq0_0166,Dorn,/ANON/experiment_root/experiments/rq0_viability/data/rendered/default/rq0_0166.png
779.0,1495.0,0.5210702341137123,0.9739688563933694,779.0,1495.0,1.0,0.0,0.0,0.0,0.0,0.0,0.026031143606630613,0.0,1.0,1495.0,0.0,779.0,779.0,0.0,1.0,0.0,49.0,46.92258169719451,47.7244739632751,0.0,rq0_0167,Dorn,/ANON/experiment_root/experiments/rq0_viability/data/rendered/default/rq0_0167.png
826.0,270.0,3.0592592592592593,0.9988386691776522,826.0,270.0,1.0,0.0,0.0,0.0,0.0,0.0,0.001161330822347817,0.0,1.0,270.0,0.0,826.0,826.0,0.0,1.0,0.0,46.0,48.50475528009198,45.946578782172,0.0,rq0_0168,Dorn,/ANON/experiment_root/experiments/rq0_viability/data/rendered/default/rq0_0168.png
875.0,920.0,0.9510869565217391,0.9969217391304348,875.0,920.0,1.0,0.0,0.0,0.0,0.0,0.0,0.003078260869565197,0.0,1.0,920.0,0.0,875.0,875.0,0.0,1.0,0.0,66.0,52.38006238830704,65.7968347826087,0.0,rq0_0169,Dorn,/ANON/experiment_root/experiments/rq0_viability/data/rendered/default/rq0_0169.png
781.0,970.0,0.8051546391752578,0.9972147788323191,781.0,970.0,1.0,0.0,0.0,0.0,0.0,0.0,0.0027852211676808736,0.0,1.0,970.0,0.0,781.0,781.0,0.0,1.0,0.0,56.0,54.9464477409665,55.84402761460987,0.0,rq0_0170,Dorn,/ANON/experiment_root/experiments/rq0_viability/data/rendered/default/rq0_0170.png
778.0,1445.0,0.5384083044982699,0.9942261677088801,778.0,1445.0,1.0,0.0,0.0,0.0,0.0,0.0,0.00577383229111994,0.0,1.0,1445.0,0.0,778.0,778.0,0.0,1.0,0.0,45.0,48.38141712436809,44.7401775468996,0.0,rq0_0171,Dorn,/ANON/experiment_root/experiments/rq0_viability/data/rendered/default/rq0_0171.png
621.0,245.0,2.5346938775510206,0.9899766669953005,621.0,245.0,1.0,0.0,0.0,0.0,0.0,0.0,0.010023333004699486,0.0,1.0,245.0,0.0,621.0,621.0,0.0,1.0,0.0,51.0,54.44098532623348,50.488810016760326,0.0,rq0_0172,Dorn,/ANON/experiment_root/experiments/rq0_viability/data/rendered/default/rq0_0172.png
779.0,995.0,0.7829145728643216,0.9657852807039047,779.0,995.0,1.0,0.0,0.0,0.0,0.0,0.0,0.03421471929609532,0.0,1.0,995.0,0.0,779.0,779.0,0.0,1.0,0.0,28.0,45.62487349986773,27.04198785970933,0.0,rq0_0173,Dorn,/ANON/experiment_root/experiments/rq0_viability/data/rendered/default/rq0_0173.png
755.0,270.0,2.7962962962962963,0.9948589649251901,755.0,270.0,1.0,0.0,0.0,0.0,0.0,0.0,0.0051410350748098965,0.0,1.0,270.0,0.0,755.0,755.0,0.0,1.0,0.0,37.0,60.010690182318434,36.80978170223204,0.0,rq0_0174,Dorn,/ANON/experiment_root/experiments/rq0_viability/data/rendered/default/rq0_0174.png
778.0,270.0,2.8814814814814813,0.9935542226030658,778.0,270.0,1.0,0.0,0.0,0.0,0.0,0.0,0.006445777396934194,0.0,1.0,270.0,0.0,778.0,778.0,0.0,1.0,0.0,49.0,57.04769324253945,48.684156907550225,0.0,rq0_0175,Dorn,/ANON/experiment_root/experiments/rq0_viability/data/rendered/default/rq0_0175.png
826.0,1320.0,0.6257575757575757,0.9969064127962433,826.0,1320.0,1.0,0.0,0.0,0.0,0.0,0.0,0.0030935872037567425,0.0,1.0,1320.0,0.0,826.0,826.0,0.0,1.0,0.0,60.0,53.26001787130356,59.8143847677746,0.0,rq0_0176,Dorn,/ANON/experiment_root/experiments/rq0_viability/data/rendered/default/rq0_0176.png
779.0,1645.0,0.4735562310030395,0.9792142525488605,779.0,1645.0,1.0,0.0,0.0,0.0,0.0,0.0,0.02078574745113948,0.0,1.0,1645.0,0.0,779.0,779.0,0.0,1.0,0.0,49.0,49.21245812238118,47.981498374894166,0.0,rq0_0177,Dorn,/ANON/experiment_root/experiments/rq0_viability/data/rendered/default/rq0_0177.png
959.0,1295.0,0.7405405405405405,0.9901063285839093,959.0,1295.0,1.0,0.0,0.0,0.0,0.0,0.0,0.009893671416090655,0.0,1.0,1295.0,0.0,959.0,959.0,0.0,1.0,0.0,45.0,42.89160314512852,44.55478478627592,0.0,rq0_0178,Dorn,/ANON/experiment_root/experiments/rq0_viability/data/rendered/default/rq0_0178.png
935.0,795.0,1.1761006289308176,0.9972542293075034,935.0,795.0,1.0,0.0,0.0,0.0,0.0,0.0,0.0027457706924965963,0.0,1.0,795.0,0.0,935.0,935.0,0.0,1.0,0.0,45.0,48.57872632871566,44.87644031883765,0.0,rq0_0179,Dorn,/ANON/experiment_root/experiments/rq0_viability/data/rendered/default/rq0_0179.png
864.0,845.0,1.0224852071005917,0.9960771422309884,864.0,845.0,1.0,0.0,0.0,0.0,0.0,0.0,0.0039228577690115785,0.0,1.0,845.0,0.0,864.0,864.0,0.0,1.0,0.0,47.0,56.94468476502837,46.81562568485646,0.0,rq0_0180,Dorn,/ANON/experiment_root/experiments/rq0_viability/data/rendered/default/rq0_0180.png
754.0,270.0,2.7925925925925927,0.993584831515866,754.0,270.0,1.0,0.0,0.0,0.0,0.0,0.0,0.006415168484134037,0.0,1.0,270.0,0.0,754.0,754.0,0.0,1.0,0.0,41.0,54.40589160004616,40.7369780921505,0.0,rq0_0181,Dorn,/ANON/experiment_root/experiments/rq0_viability/data/rendered/default/rq0_0181.png
778.0,245.0,3.1755102040816325,0.9933319343161429,778.0,245.0,1.0,0.0,0.0,0.0,0.0,0.0,0.006668065683857138,0.0,1.0,245.0,0.0,778.0,778.0,0.0,1.0,0.0,27.0,61.95825735344809,26.819962226535857,0.0,rq0_0182,Dorn,/ANON/experiment_root/experiments/rq0_viability/data/rendered/default/rq0_0182.png
899.0,1370.0,0.6562043795620438,0.9968180378847543,899.0,1370.0,1.0,0.0,0.0,0.0,0.0,0.0,0.0031819621152456845,0.0,1.0,1370.0,0.0,899.0,899.0,0.0,1.0,0.0,55.0,53.1226649259665,54.824992083661485,0.0,rq0_0183,Dorn,/ANON/experiment_root/experiments/rq0_viability/data/rendered/default/rq0_0183.png
634.0,245.0,2.5877551020408163,0.9989377454451812,634.0,245.0,1.0,0.0,0.0,0.0,0.0,0.0,0.0010622545548187867,0.0,1.0,245.0,0.0,634.0,634.0,0.0,1.0,0.0,57.0,53.70044143401185,56.939451490375326,0.0,rq0_0184,Dorn,/ANON/experiment_root/experiments/rq0_viability/data/rendered/default/rq0_0184.png
778.0,395.0,1.969620253164557,0.9975789918974326,778.0,395.0,1.0,0.0,0.0,0.0,0.0,0.0,0.0024210081025674013,0.0,1.0,395.0,0.0,778.0,778.0,0.0,1.0,0.0,46.0,55.23679963676213,45.8886336272819,0.0,rq0_0185,Dorn,/ANON/experiment_root/experiments/rq0_viability/data/rendered/default/rq0_0185.png
779.0,870.0,0.8954022988505748,0.9835391675150871,779.0,870.0,1.0,0.0,0.0,0.0,0.0,0.0,0.016460832484912924,0.0,1.0,870.0,0.0,779.0,779.0,0.0,1.0,0.0,49.0,46.911106761687954,48.19341920823927,0.0,rq0_0186,Dorn,/ANON/experiment_root/experiments/rq0_viability/data/rendered/default/rq0_0186.png
899.0,270.0,3.3296296296296295,0.9992543154945824,899.0,270.0,1.0,0.0,0.0,0.0,0.0,0.0,0.0007456845054175654,0.0,1.0,270.0,0.0,899.0,899.0,0.0,1.0,0.0,57.0,45.03839729760144,56.9574959831912,0.0,rq0_0187,Dorn,/ANON/experiment_root/experiments/rq0_viability/data/rendered/default/rq0_0187.png
779.0,1370.0,0.5686131386861314,0.9858521593283547,779.0,1370.0,1.0,0.0,0.0,0.0,0.0,0.0,0.014147840671645318,0.0,1.0,1370.0,0.0,779.0,779.0,0.0,1.0,0.0,41.0,49.37250159223175,40.419938532462545,0.0,rq0_0188,Dorn,/ANON/experiment_root/experiments/rq0_viability/data/rendered/default/rq0_0188.png
779.0,470.0,1.6574468085106382,0.9927512085871139,779.0,470.0,1.0,0.0,0.0,0.0,0.0,0.0,0.007248791412886146,0.0,1.0,470.0,0.0,779.0,779.0,0.0,1.0,0.0,41.0,48.58271481634343,40.70279955207167,0.0,rq0_0189,Scalabrino,/ANON/experiment_root/experiments/rq0_viability/data/rendered/default/rq0_0189.png
780.0,1045.0,0.7464114832535885,0.9938326585695006,780.0,1045.0,1.0,0.0,0.0,0.0,0.0,0.0,0.006167341430499351,0.0,1.0,1045.0,0.0,780.0,780.0,0.0,1.0,0.0,69.0,54.13706247738122,68.57445344129555,0.0,rq0_0190,Scalabrino,/ANON/experiment_root/experiments/rq0_viability/data/rendered/default/rq0_0190.png
779.0,1370.0,0.5686131386861314,0.9917946459526062,779.0,1370.0,1.0,0.0,0.0,0.0,0.0,0.0,0.008205354047393754,0.0,1.0,1370.0,0.0,779.0,779.0,0.0,1.0,0.0,40.0,54.725165810856154,39.67178583810425,0.0,rq0_0191,Scalabrino,/ANON/experiment_root/experiments/rq0_viability/data/rendered/default/rq0_0191.png
779.0,620.0,1.2564516129032257,0.9916642511077063,779.0,620.0,1.0,0.0,0.0,0.0,0.0,0.0,0.008335748892293715,0.0,1.0,620.0,0.0,779.0,779.0,0.0,1.0,0.0,39.0,50.59779820320845,38.674905793200544,0.0,rq0_0192,Scalabrino,/ANON/experiment_root/experiments/rq0_viability/data/rendered/default/rq0_0192.png
779.0,845.0,0.9218934911242603,0.9931318410038663,779.0,845.0,1.0,0.0,0.0,0.0,0.0,0.0,0.006868158996133689,0.0,1.0,845.0,0.0,779.0,779.0,0.0,1.0,0.0,49.0,55.57855128894416,48.66346020918945,0.0,rq0_0193,Scalabrino,/ANON/experiment_root/experiments/rq0_viability/data/rendered/default/rq0_0193.png
658.0,470.0,1.4,0.994124684731294,658.0,470.0,1.0,0.0,0.0,0.0,0.0,0.0,0.005875315268705994,0.0,1.0,470.0,0.0,658.0,658.0,0.0,1.0,0.0,48.0,48.841262702377435,47.71798486710211,0.0,rq0_0194,Scalabrino,/ANON/experiment_root/experiments/rq0_viability/data/rendered/default/rq0_0194.png
789.0,970.0,0.8134020618556701,0.9941554623495747,789.0,970.0,1.0,0.0,0.0,0.0,0.0,0.0,0.005844537650425252,0.0,1.0,970.0,0.0,789.0,789.0,0.0,1.0,0.0,51.0,52.38739405891659,50.70192857982831,0.0,rq0_0195,Scalabrino,/ANON/experiment_root/experiments/rq0_viability/data/rendered/default/rq0_0195.png
778.0,895.0,0.8692737430167597,0.9979190303169565,778.0,895.0,1.0,0.0,0.0,0.0,0.0,0.0,0.0020809696830434987,0.0,1.0,895.0,0.0,778.0,778.0,0.0,1.0,0.0,62.0,51.68503341639062,61.8709798796513,0.0,rq0_0196,Scalabrino,/ANON/experiment_root/experiments/rq0_viability/data/rendered/default/rq0_0196.png
779.0,870.0,0.8954022988505748,0.9835037551827424,779.0,870.0,1.0,0.0,0.0,0.0,0.0,0.0,0.016496244817257644,0.0,1.0,870.0,0.0,779.0,779.0,0.0,1.0,0.0,60.0,49.72909378178567,59.01022531096454,0.0,rq0_0197,Scalabrino,/ANON/experiment_root/experiments/rq0_viability/data/rendered/default/rq0_0197.png
779.0,695.0,1.120863309352518,0.9973993590749993,779.0,695.0,1.0,0.0,0.0,0.0,0.0,0.0,0.0026006409250006746,0.0,1.0,695.0,0.0,779.0,779.0,0.0,1.0,0.0,63.0,52.93249145193549,62.83615962172496,0.0,rq0_0198,Scalabrino,/ANON/experiment_root/experiments/rq0_viability/data/rendered/default/rq0_0198.png
780.0,445.0,1.752808988764045,0.9907490636704119,780.0,445.0,1.0,0.0,0.0,0.0,0.0,0.0,0.009250936329588066,0.0,1.0,445.0,0.0,780.0,780.0,0.0,1.0,0.0,44.0,53.00770726252637,43.59295880149813,0.0,rq0_0199,Scalabrino,/ANON/experiment_root/experiments/rq0_viability/data/rendered/default/rq0_0199.png
780.0,1020.0,0.7647058823529411,0.9969683257918552,780.0,1020.0,1.0,0.0,0.0,0.0,0.0,0.0,0.0030316742081447634,0.0,1.0,1020.0,0.0,780.0,780.0,0.0,1.0,0.0,55.0,56.282600345838816,54.833257918552036,0.0,rq0_0200,Scalabrino,/ANON/experiment_root/experiments/rq0_viability/data/rendered/default/rq0_0200.png
780.0,1170.0,0.6666666666666666,0.9971915406530791,780.0,1170.0,1.0,0.0,0.0,0.0,0.0,0.0,0.0028084593469208663,0.0,1.0,1170.0,0.0,780.0,780.0,0.0,1.0,0.0,66.0,54.20963338842167,65.81464168310322,0.0,rq0_0201,Scalabrino,/ANON/experiment_root/experiments/rq0_viability/data/rendered/default/rq0_0201.png
780.0,1245.0,0.6265060240963856,0.9977036350530326,780.0,1245.0,1.0,0.0,0.0,0.0,0.0,0.0,0.0022963649469673886,0.0,1.0,1245.0,0.0,780.0,780.0,0.0,1.0,0.0,66.0,50.81492309542846,65.84843991350016,0.0,rq0_0202,Scalabrino,/ANON/experiment_root/experiments/rq0_viability/data/rendered/default/rq0_0202.png
802.0,420.0,1.9095238095238096,0.9973488896805605,802.0,420.0,1.0,0.0,0.0,0.0,0.0,0.0,0.0026511103194395425,0.0,1.0,420.0,0.0,802.0,802.0,0.0,1.0,0.0,45.0,59.632395405999134,44.88070003562522,0.0,rq0_0203,Scalabrino,/ANON/experiment_root/experiments/rq0_viability/data/rendered/default/rq0_0203.png
780.0,1245.0,0.6265060240963856,0.9939686952939965,780.0,1245.0,1.0,0.0,0.0,0.0,0.0,0.0,0.0060313047060035485,0.0,1.0,1245.0,0.0,780.0,780.0,0.0,1.0,0.0,49.0,61.664455944203105,48.704466069405825,0.0,rq0_0204,Scalabrino,/ANON/experiment_root/experiments/rq0_viability/data/rendered/default/rq0_0204.png
622.0,345.0,1.8028985507246378,0.9909548441213477,622.0,345.0,1.0,0.0,0.0,0.0,0.0,0.0,0.009045155878652289,0.0,1.0,345.0,0.0,622.0,622.0,0.0,1.0,0.0,39.0,61.67714997592335,38.64723892073256,0.0,rq0_0205,Scalabrino,/ANON/experiment_root/experiments/rq0_viability/data/rendered/default/rq0_0205.png
814.0,820.0,0.9926829268292683,0.9939788458081141,814.0,820.0,1.0,0.0,0.0,0.0,0.0,0.0,0.006021154191885869,0.0,1.0,820.0,0.0,814.0,814.0,0.0,1.0,0.0,49.0,59.51723779425065,48.704963444597595,0.0,rq0_0206,Scalabrino,/ANON/experiment_root/experiments/rq0_viability/data/rendered/default/rq0_0206.png
780.0,645.0,1.2093023255813953,0.9949334128403896,780.0,645.0,1.0,0.0,0.0,0.0,0.0,0.0,0.005066587159610392,0.0,1.0,645.0,0.0,780.0,780.0,0.0,1.0,0.0,49.0,57.14623181588423,48.75173722917909,0.0,rq0_0207,Scalabrino,/ANON/experiment_root/experiments/rq0_viability/data/rendered/default/rq0_0207.png
779.0,820.0,0.95,0.9925576880929271,779.0,820.0,1.0,0.0,0.0,0.0,0.0,0.0,0.007442311907072896,0.0,1.0,820.0,0.0,779.0,779.0,0.0,1.0,0.0,70.0,52.82144372809631,69.47903816650489,0.0,rq0_0208,Scalabrino,/ANON/experiment_root/experiments/rq0_viability/data/rendered/default/rq0_0208.png
838.0,595.0,1.408403361344538,0.993782715950342,838.0,595.0,1.0,0.0,0.0,0.0,0.0,0.0,0.006217284049658045,0.0,1.0,595.0,0.0,838.0,838.0,0.0,1.0,0.0,49.0,58.08514628746847,48.69535308156676,0.0,rq0_0209,Scalabrino,/ANON/experiment_root/experiments/rq0_viability/data/rendered/default/rq0_0209.png
874.0,1220.0,0.7163934426229508,0.9904593540158307,874.0,1220.0,1.0,0.0,0.0,0.0,0.0,0.0,0.00954064598416926,0.0,1.0,1220.0,0.0,874.0,874.0,0.0,1.0,0.0,49.0,51.1427425254407,48.53250834677571,0.0,rq0_0210,Scalabrino,/ANON/experiment_root/experiments/rq0_viability/data/rendered/default/rq0_0210.png
923.0,1145.0,0.8061135371179039,0.9965415604138773,923.0,1145.0,1.0,0.0,0.0,0.0,0.0,0.0,0.0034584395861226858,0.0,1.0,1145.0,0.0,923.0,923.0,0.0,1.0,0.0,46.0,54.28581650836591,45.84091177903836,0.0,rq0_0211,Scalabrino,/ANON/experiment_root/experiments/rq0_viability/data/rendered/default/rq0_0211.png
923.0,820.0,1.1256097560975609,0.9946806542821658,923.0,820.0,1.0,0.0,0.0,0.0,0.0,0.0,0.005319345717834212,0.0,1.0,820.0,0.0,923.0,923.0,0.0,1.0,0.0,58.0,50.35818876155088,57.691477948365616,0.0,rq0_0212,Scalabrino,/ANON/experiment_root/experiments/rq0_viability/data/rendered/default/rq0_0212.png
779.0,920.0,0.8467391304347827,0.996898197242842,779.0,920.0,1.0,0.0,0.0,0.0,0.0,0.0,0.00310180275715799,0.0,1.0,920.0,0.0,779.0,779.0,0.0,1.0,0.0,44.0,54.329424921235,43.86352067868505,0.0,rq0_0213,Scalabrino,/ANON/experiment_root/experiments/rq0_viability/data/rendered/default/rq0_0213.png
875.0,1145.0,0.7641921397379913,0.9897741734248284,875.0,1145.0,1.0,0.0,0.0,0.0,0.0,0.0,0.01022582657517157,0.0,1.0,1145.0,0.0,875.0,875.0,0.0,1.0,0.0,57.0,54.816331782585394,56.41712788521522,0.0,rq0_0214,Scalabrino,/ANON/experiment_root/experiments/rq0_viability/data/rendered/default/rq0_0214.png
812.0,720.0,1.1277777777777778,0.9825003420908593,812.0,720.0,1.0,0.0,0.0,0.0,0.0,0.0,0.017499657909140653,0.0,1.0,720.0,0.0,812.0,812.0,0.0,1.0,0.0,54.0,51.20780047411491,53.055018472906404,0.0,rq0_0215,Scalabrino,/ANON/experiment_root/experiments/rq0_viability/data/rendered/default/rq0_0215.png
779.0,870.0,0.8954022988505748,0.9927109615923746,779.0,870.0,1.0,0.0,0.0,0.0,0.0,0.0,0.007289038407625403,0.0,1.0,870.0,0.0,779.0,779.0,0.0,1.0,0.0,44.0,53.487931223100745,43.67928231006448,0.0,rq0_0216,Scalabrino,/ANON/experiment_root/experiments/rq0_viability/data/rendered/default/rq0_0216.png
899.0,1345.0,0.6684014869888476,0.9952396508305387,899.0,1345.0,1.0,0.0,0.0,0.0,0.0,0.0,0.004760349169461331,0.0,1.0,1345.0,0.0,899.0,899.0,0.0,1.0,0.0,62.0,51.98508352930367,61.7048583514934,0.0,rq0_0217,Scalabrino,/ANON/experiment_root/experiments/rq0_viability/data/rendered/default/rq0_0217.png
778.0,495.0,1.5717171717171716,0.9979616213549376,778.0,495.0,1.0,0.0,0.0,0.0,0.0,0.0,0.0020383786450623997,0.0,1.0,495.0,0.0,778.0,778.0,0.0,1.0,0.0,47.0,55.2435312736365,46.90419620368207,0.0,rq0_0218,Scalabrino,/ANON/experiment_root/experiments/rq0_viability/data/rendered/default/rq0_0218.png
781.0,670.0,1.1656716417910449,0.9976551302386913,781.0,670.0,1.0,0.0,0.0,0.0,0.0,0.0,0.0023448697613086544,0.0,1.0,670.0,0.0,781.0,781.0,0.0,1.0,0.0,56.0,53.444476872966,55.86868729336672,0.0,rq0_0219,Scalabrino,/ANON/experiment_root/experiments/rq0_viability/data/rendered/default/rq0_0219.png
779.0,795.0,0.979874213836478,0.9924302242029371,779.0,795.0,1.0,0.0,0.0,0.0,0.0,0.0,0.007569775797062861,0.0,1.0,795.0,0.0,779.0,779.0,0.0,1.0,0.0,38.0,53.75908853581578,37.71234851971161,0.0,rq0_0220,Scalabrino,/ANON/experiment_root/experiments/rq0_viability/data/rendered/default/rq0_0220.png
779.0,545.0,1.4293577981651375,0.9906890744426518,779.0,545.0,1.0,0.0,0.0,0.0,0.0,0.0,0.009310925557348249,0.0,1.0,545.0,0.0,779.0,779.0,0.0,1.0,0.0,43.0,46.368066064183566,42.599630201034024,0.0,rq0_0221,Scalabrino,/ANON/experiment_root/experiments/rq0_viability/data/rendered/default/rq0_0221.png
779.0,1045.0,0.7454545454545455,0.993640478837425,779.0,1045.0,1.0,0.0,0.0,0.0,0.0,0.0,0.006359521162574988,0.0,1.0,1045.0,0.0,779.0,779.0,0.0,1.0,0.0,58.0,49.529466419739805,57.63114777257065,0.0,rq0_0222,Scalabrino,/ANON/experiment_root/experiments/rq0_viability/data/rendered/default/rq0_0222.png
779.0,1245.0,0.62570281124498,0.9883745508349187,779.0,1245.0,1.0,0.0,0.0,0.0,0.0,0.0,0.011625449165081347,0.0,1.0,1245.0,0.0,779.0,779.0,0.0,1.0,0.0,68.0,51.97292663259564,67.20946945677447,0.0,rq0_0223,Scalabrino,/ANON/experiment_root/experiments/rq0_viability/data/rendered/default/rq0_0223.png
779.0,970.0,0.8030927835051547,0.9871762635152125,779.0,970.0,1.0,0.0,0.0,0.0,0.0,0.0,0.012823736484787518,0.0,1.0,970.0,0.0,779.0,779.0,0.0,1.0,0.0,44.0,46.5525376467697,43.43575559466935,0.0,rq0_0224,Scalabrino,/ANON/experiment_root/experiments/rq0_viability/data/rendered/default/rq0_0224.png
779.0,1345.0,0.579182156133829,0.9962090374180987,779.0,1345.0,1.0,0.0,0.0,0.0,0.0,0.0,0.0037909625819012582,0.0,1.0,1345.0,0.0,779.0,779.0,0.0,1.0,0.0,46.0,56.82896434683139,45.825615721232545,0.0,rq0_0225,Scalabrino,/ANON/experiment_root/experiments/rq0_viability/data/rendered/default/rq0_0225.png
779.0,1145.0,0.6803493449781659,0.984375893402694,779.0,1145.0,1.0,0.0,0.0,0.0,0.0,0.0,0.015624106597305953,0.0,1.0,1145.0,0.0,779.0,779.0,0.0,1.0,0.0,58.0,47.992225620384296,57.09380181735625,0.0,rq0_0226,Scalabrino,/ANON/experiment_root/experiments/rq0_viability/data/rendered/default/rq0_0226.png
779.0,795.0,0.979874213836478,0.9946633726516014,779.0,795.0,1.0,0.0,0.0,0.0,0.0,0.0,0.0053366273483985704,0.0,1.0,795.0,0.0,779.0,779.0,0.0,1.0,0.0,41.0,57.94192337463726,40.78119827871566,0.0,rq0_0227,Scalabrino,/ANON/experiment_root/experiments/rq0_viability/data/rendered/default/rq0_0227.png
778.0,795.0,0.9786163522012579,0.9975521818563968,778.0,795.0,1.0,0.0,0.0,0.0,0.0,0.0,0.0024478181436031754,0.0,1.0,795.0,0.0,778.0,778.0,0.0,1.0,0.0,68.0,53.33691678811367,67.83354836623498,0.0,rq0_0228,Scalabrino,/ANON/experiment_root/experiments/rq0_viability/data/rendered/default/rq0_0228.png
778.0,670.0,1.1611940298507464,0.9954264666385297,778.0,670.0,1.0,0.0,0.0,0.0,0.0,0.0,0.004573533361470261,0.0,1.0,670.0,0.0,778.0,778.0,0.0,1.0,0.0,58.0,53.80872088768639,57.73473506503473,0.0,rq0_0229,Scalabrino,/ANON/experiment_root/experiments/rq0_viability/data/rendered/default/rq0_0229.png
779.0,945.0,0.8243386243386244,0.9960986477032691,779.0,945.0,1.0,0.0,0.0,0.0,0.0,0.0,0.003901352296730942,0.0,1.0,945.0,0.0,779.0,779.0,0.0,1.0,0.0,52.0,51.21350716893833,51.79712968056999,0.0,rq0_0230,Scalabrino,/ANON/experiment_root/experiments/rq0_viability/data/rendered/default/rq0_0230.png
803.0,770.0,1.042857142857143,0.9976759230806553,803.0,770.0,1.0,0.0,0.0,0.0,0.0,0.0,0.002324076919344664,0.0,1.0,770.0,0.0,803.0,803.0,0.0,1.0,0.0,63.0,53.21339523264448,62.853583154081285,0.0,rq0_0231,Scalabrino,/ANON/experiment_root/experiments/rq0_viability/data/rendered/default/rq0_0231.png
780.0,895.0,0.8715083798882681,0.9955507806904454,780.0,895.0,1.0,0.0,0.0,0.0,0.0,0.0,0.004449219309554553,0.0,1.0,895.0,0.0,780.0,780.0,0.0,1.0,0.0,60.0,53.241179470832,59.73304684142673,0.0,rq0_0232,Scalabrino,/ANON/experiment_root/experiments/rq0_viability/data/rendered/default/rq0_0232.png
779.0,1070.0,0.72803738317757,0.9893153215841062,779.0,1070.0,1.0,0.0,0.0,0.0,0.0,0.0,0.010684678415893822,0.0,1.0,1070.0,0.0,779.0,779.0,0.0,1.0,0.0,63.0,51.641958100561595,62.32686525979869,0.0,rq0_0233,Scalabrino,/ANON/experiment_root/experiments/rq0_viability/data/rendered/default/rq0_0233.png
780.0,545.0,1.4311926605504588,0.9892048929663608,780.0,545.0,1.0,0.0,0.0,0.0,0.0,0.0,0.010795107033639173,0.0,1.0,545.0,0.0,780.0,780.0,0.0,1.0,0.0,47.0,58.657332522808524,46.49262996941896,0.0,rq0_0234,Scalabrino,/ANON/experiment_root/experiments/rq0_viability/data/rendered/default/rq0_0234.png
780.0,795.0,0.9811320754716981,0.9945283018867924,780.0,795.0,1.0,0.0,0.0,0.0,0.0,0.0,0.005471698113207579,0.0,1.0,795.0,0.0,780.0,780.0,0.0,1.0,0.0,58.0,56.809665575687205,57.682641509433964,0.0,rq0_0235,Scalabrino,/ANON/experiment_root/experiments/rq0_viability/data/rendered/default/rq0_0235.png
778.0,420.0,1.8523809523809525,0.9922695556371649,778.0,420.0,1.0,0.0,0.0,0.0,0.0,0.0,0.007730444362835098,0.0,1.0,420.0,0.0,778.0,778.0,0.0,1.0,0.0,47.0,54.15058502576772,46.63666911494675,0.0,rq0_0236,Scalabrino,/ANON/experiment_root/experiments/rq0_viability/data/rendered/default/rq0_0236.png
887.0,1595.0,0.5561128526645768,0.9979678603867074,887.0,1595.0,1.0,0.0,0.0,0.0,0.0,0.0,0.0020321396132926273,0.0,1.0,1595.0,0.0,887.0,887.0,0.0,1.0,0.0,67.0,51.0616521070037,66.86384664590939,0.0,rq0_0237,Scalabrino,/ANON/experiment_root/experiments/rq0_viability/data/rendered/default/rq0_0237.png
778.0,945.0,0.8232804232804233,0.9946165041280722,778.0,945.0,1.0,0.0,0.0,0.0,0.0,0.0,0.005383495871927768,0.0,1.0,945.0,0.0,778.0,778.0,0.0,1.0,0.0,42.0,60.64441492235122,41.77389317337904,0.0,rq0_0238,Scalabrino,/ANON/experiment_root/experiments/rq0_viability/data/rendered/default/rq0_0238.png
776.0,370.0,2.097297297297297,0.9978893842295904,776.0,370.0,1.0,0.0,0.0,0.0,0.0,0.0,0.0021106157704096074,0.0,1.0,370.0,0.0,776.0,776.0,0.0,1.0,0.0,46.0,52.4832755795861,45.90291167456116,0.0,rq0_0239,Scalabrino,/ANON/experiment_root/experiments/rq0_viability/data/rendered/default/rq0_0239.png
778.0,1095.0,0.7105022831050228,0.9983930227371436,778.0,1095.0,1.0,0.0,0.0,0.0,0.0,0.0,0.0016069772628564127,0.0,1.0,1095.0,0.0,778.0,778.0,0.0,1.0,0.0,50.0,50.464575147392786,49.919651136857176,0.0,rq0_0240,Scalabrino,/ANON/experiment_root/experiments/rq0_viability/data/rendered/default/rq0_0240.png
779.0,720.0,1.0819444444444444,0.9861485522749964,779.0,720.0,1.0,0.0,0.0,0.0,0.0,0.0,0.013851447725003574,0.0,1.0,720.0,0.0,779.0,779.0,0.0,1.0,0.0,48.0,53.97109227333332,47.33513050919983,0.0,rq0_0241,Scalabrino,/ANON/experiment_root/experiments/rq0_viability/data/rendered/default/rq0_0241.png
911.0,470.0,1.9382978723404256,0.9987738515075788,911.0,470.0,1.0,0.0,0.0,0.0,0.0,0.0,0.0012261484924211974,0.0,1.0,470.0,0.0,911.0,911.0,0.0,1.0,0.0,47.0,52.40702670068685,46.94237102085621,0.0,rq0_0242,Scalabrino,/ANON/experiment_root/experiments/rq0_viability/data/rendered/default/rq0_0242.png
790.0,495.0,1.595959595959596,0.995343306482547,790.0,495.0,1.0,0.0,0.0,0.0,0.0,0.0,0.004656693517453014,0.0,1.0,495.0,0.0,790.0,790.0,0.0,1.0,0.0,53.0,54.046081154404014,52.75319524357499,0.0,rq0_0243,Scalabrino,/ANON/experiment_root/experiments/rq0_viability/data/rendered/default/rq0_0243.png
779.0,320.0,2.434375,0.9912467907573813,779.0,320.0,1.0,0.0,0.0,0.0,0.0,0.0,0.008753209242618687,0.0,1.0,320.0,0.0,779.0,779.0,0.0,1.0,0.0,43.0,52.14307471644354,42.6236120025674,0.0,rq0_0244,Scalabrino,/ANON/experiment_root/experiments/rq0_viability/data/rendered/default/rq0_0244.png
875.0,1195.0,0.7322175732217573,0.9875949790794979,875.0,1195.0,1.0,0.0,0.0,0.0,0.0,0.0,0.012405020920502108,0.0,1.0,1195.0,0.0,875.0,875.0,0.0,1.0,0.0,55.0,52.65811622524791,54.317723849372385,0.0,rq0_0245,Scalabrino,/ANON/experiment_root/experiments/rq0_viability/data/rendered/default/rq0_0245.png
779.0,495.0,1.5737373737373737,0.9861516318512468,779.0,495.0,1.0,0.0,0.0,0.0,0.0,0.0,0.013848368148753232,0.0,1.0,495.0,0.0,779.0,779.0,0.0,1.0,0.0,40.0,51.10931651045965,39.44606527404987,0.0,rq0_0246,Scalabrino,/ANON/experiment_root/experiments/rq0_viability/data/rendered/default/rq0_0246.png
777.0,370.0,2.1,0.9977703572298167,777.0,370.0,1.0,0.0,0.0,0.0,0.0,0.0,0.0022296427701833377,0.0,1.0,370.0,0.0,777.0,777.0,0.0,1.0,0.0,46.0,54.56299887203795,45.89743643257157,0.0,rq0_0247,Scalabrino,/ANON/experiment_root/experiments/rq0_viability/data/rendered/default/rq0_0247.png
779.0,470.0,1.6574468085106382,0.9927512085871139,779.0,470.0,1.0,0.0,0.0,0.0,0.0,0.0,0.007248791412886146,0.0,1.0,470.0,0.0,779.0,779.0,0.0,1.0,0.0,41.0,48.58271481634343,40.70279955207167,0.0,rq0_0248,Scalabrino,/ANON/experiment_root/experiments/rq0_viability/data/rendered/default/rq0_0248.png
861.0,1320.0,0.6522727272727272,0.9954915003695491,861.0,1320.0,1.0,0.0,0.0,0.0,0.0,0.0,0.004508499630450857,0.0,1.0,1320.0,0.0,861.0,861.0,0.0,1.0,0.0,60.0,52.459907103215976,59.729490022172946,0.0,rq0_0249,Scalabrino,/ANON/experiment_root/experiments/rq0_viability/data/rendered/default/rq0_0249.png
669.0,895.0,0.7474860335195531,0.9976317525532146,669.0,895.0,1.0,0.0,0.0,0.0,0.0,0.0,0.002368247446785432,0.0,1.0,895.0,0.0,669.0,669.0,0.0,1.0,0.0,47.0,56.787685230385755,46.88869237000108,0.0,rq0_0250,Scalabrino,/ANON/experiment_root/experiments/rq0_viability/data/rendered/default/rq0_0250.png
803.0,1370.0,0.5861313868613138,0.987274908872749,803.0,1370.0,1.0,0.0,0.0,0.0,0.0,0.0,0.012725091127250954,0.0,1.0,1370.0,0.0,803.0,803.0,0.0,1.0,0.0,57.0,55.0570632844283,56.2746698057467,0.0,rq0_0251,Scalabrino,/ANON/experiment_root/experiments/rq0_viability/data/rendered/default/rq0_0251.png
779.0,345.0,2.2579710144927536,0.996766571784711,779.0,345.0,1.0,0.0,0.0,0.0,0.0,0.0,0.003233428215289047,0.0,1.0,345.0,0.0,779.0,779.0,0.0,1.0,0.0,43.0,51.48973221479291,42.86096258674257,0.0,rq0_0252,Scalabrino,/ANON/experiment_root/experiments/rq0_viability/data/rendered/default/rq0_0252.png
814.0,920.0,0.8847826086956522,0.9972492255100951,814.0,920.0,1.0,0.0,0.0,0.0,0.0,0.0,0.002750774489904906,0.0,1.0,920.0,0.0,814.0,814.0,0.0,1.0,0.0,48.0,53.27297063717292,47.867962824484565,0.0,rq0_0253,Scalabrino,/ANON/experiment_root/experiments/rq0_viability/data/rendered/default/rq0_0253.png
887.0,1420.0,0.6246478873239436,0.9841164234561824,887.0,1420.0,1.0,0.0,0.0,0.0,0.0,0.0,0.015883576543817557,0.0,1.0,1420.0,0.0,887.0,887.0,0.0,1.0,0.0,50.0,51.04839268208578,49.205821172809124,0.0,rq0_0254,Scalabrino,/ANON/experiment_root/experiments/rq0_viability/data/rendered/default/rq0_0254.png
839.0,770.0,1.0896103896103897,0.9882420321037723,839.0,770.0,1.0,0.0,0.0,0.0,0.0,0.0,0.011757967896227739,0.0,1.0,770.0,0.0,839.0,839.0,0.0,1.0,0.0,43.0,49.92917117723106,42.494407380462206,0.0,rq0_0255,Scalabrino,/ANON/experiment_root/experiments/rq0_viability/data/rendered/default/rq0_0255.png
779.0,445.0,1.750561797752809,0.99266994562317,779.0,445.0,1.0,0.0,0.0,0.0,0.0,0.0,0.007330054376829986,0.0,1.0,445.0,0.0,779.0,779.0,0.0,1.0,0.0,60.0,55.821636722139296,59.5601967373902,0.0,rq0_0256,Scalabrino,/ANON/experiment_root/experiments/rq0_viability/data/rendered/default/rq0_0256.png
923.0,370.0,2.4945945945945946,0.9952387924218911,923.0,370.0,1.0,0.0,0.0,0.0,0.0,0.0,0.004761207578108939,0.0,1.0,370.0,0.0,923.0,923.0,0.0,1.0,0.0,56.0,56.43739685782843,55.7333723756259,0.0,rq0_0257,Scalabrino,/ANON/experiment_root/experiments/rq0_viability/data/rendered/default/rq0_0257.png
864.0,1145.0,0.754585152838428,0.9899128659226912,864.0,1145.0,1.0,0.0,0.0,0.0,0.0,0.0,0.010087134077308768,0.0,1.0,1145.0,0.0,864.0,864.0,0.0,1.0,0.0,69.0,52.50951249311736,68.30398774866569,0.0,rq0_0258,Scalabrino,/ANON/experiment_root/experiments/rq0_viability/data/rendered/default/rq0_0258.png
876.0,1220.0,0.7180327868852459,0.9863509618983457,876.0,1220.0,1.0,0.0,0.0,0.0,0.0,0.0,0.013649038101654298,0.0,1.0,1220.0,0.0,876.0,876.0,0.0,1.0,0.0,48.0,52.584740992159354,47.344846171120594,0.0,rq0_0259,Scalabrino,/ANON/experiment_root/experiments/rq0_viability/data/rendered/default/rq0_0259.png
876.0,1595.0,0.5492163009404388,0.9956735517670804,876.0,1595.0,1.0,0.0,0.0,0.0,0.0,0.0,0.004326448232919611,0.0,1.0,1595.0,0.0,876.0,876.0,0.0,1.0,0.0,68.0,54.621132799149855,67.70580152016147,0.0,rq0_0260,Scalabrino,/ANON/experiment_root/experiments/rq0_viability/data/rendered/default/rq0_0260.png
875.0,1170.0,0.7478632478632479,0.9972971916971917,875.0,1170.0,1.0,0.0,0.0,0.0,0.0,0.0,0.002702808302808335,0.0,1.0,1170.0,0.0,875.0,875.0,0.0,1.0,0.0,55.0,54.08056547560185,54.851345543345545,0.0,rq0_0261,Scalabrino,/ANON/experiment_root/experiments/rq0_viability/data/rendered/default/rq0_0261.png
827.0,1345.0,0.6148698884758365,0.9869713165784872,827.0,1345.0,1.0,0.0,0.0,0.0,0.0,0.0,0.013028683421512754,0.0,1.0,1345.0,0.0,827.0,827.0,0.0,1.0,0.0,59.0,50.27016926705586,58.23130767813075,0.0,rq0_0262,Scalabrino,/ANON/experiment_root/experiments/rq0_viability/data/rendered/default/rq0_0262.png
779.0,870.0,0.8954022988505748,0.9947265135083293,779.0,870.0,1.0,0.0,0.0,0.0,0.0,0.0,0.005273486491670698,0.0,1.0,870.0,0.0,779.0,779.0,0.0,1.0,0.0,53.0,56.0760089499979,52.72050521594145,0.0,rq0_0263,Scalabrino,/ANON/experiment_root/experiments/rq0_viability/data/rendered/default/rq0_0263.png
779.0,745.0,1.0456375838926175,0.9957457073687657,779.0,745.0,1.0,0.0,0.0,0.0,0.0,0.0,0.004254292631234335,0.0,1.0,745.0,0.0,779.0,779.0,0.0,1.0,0.0,62.0,54.61459237748092,61.73623385686347,0.0,rq0_0264,Scalabrino,/ANON/experiment_root/experiments/rq0_viability/data/rendered/default/rq0_0264.png
728.0,495.0,1.4707070707070706,0.9895965145965145,728.0,495.0,1.0,0.0,0.0,0.0,0.0,0.0,0.010403485403485457,0.0,1.0,495.0,0.0,728.0,728.0,0.0,1.0,0.0,61.0,53.71844919162657,60.36538739038739,0.0,rq0_0265,Scalabrino,/ANON/experiment_root/experiments/rq0_viability/data/rendered/default/rq0_0265.png
779.0,795.0,0.979874213836478,0.9933328489193531,779.0,795.0,1.0,0.0,0.0,0.0,0.0,0.0,0.00666715108064686,0.0,1.0,795.0,0.0,779.0,779.0,0.0,1.0,0.0,44.0,46.89841734367538,43.70664535245154,0.0,rq0_0266,Scalabrino,/ANON/experiment_root/experiments/rq0_viability/data/rendered/default/rq0_0266.png
777.0,445.0,1.746067415730337,0.9986811851980392,777.0,445.0,1.0,0.0,0.0,0.0,0.0,0.0,0.0013188148019608326,0.0,1.0,445.0,0.0,777.0,777.0,0.0,1.0,0.0,44.0,48.677034589434484,43.941972148713724,0.0,rq0_0267,Scalabrino,/ANON/experiment_root/experiments/rq0_viability/data/rendered/default/rq0_0267.png
779.0,620.0,1.2564516129032257,0.9916394053583999,779.0,620.0,1.0,0.0,0.0,0.0,0.0,0.0,0.008360594641600105,0.0,1.0,620.0,0.0,779.0,779.0,0.0,1.0,0.0,44.0,54.82932059783251,43.632133835769594,0.0,rq0_0268,Scalabrino,/ANON/experiment_root/experiments/rq0_viability/data/rendered/default/rq0_0268.png
824.0,1095.0,0.7525114155251141,0.9981735159817352,824.0,1095.0,1.0,0.0,0.0,0.0,0.0,0.0,0.0018264840182647957,0.0,1.0,1095.0,0.0,824.0,824.0,0.0,1.0,0.0,63.0,50.55440483412822,62.88493150684932,0.0,rq0_0269,Scalabrino,/ANON/experiment_root/experiments/rq0_viability/data/rendered/default/rq0_0269.png
814.0,945.0,0.8613756613756614,0.9968214968214968,814.0,945.0,1.0,0.0,0.0,0.0,0.0,0.0,0.0031785031785032114,0.0,1.0,945.0,0.0,814.0,814.0,0.0,1.0,0.0,63.0,54.04848694310032,62.7997542997543,0.0,rq0_0270,Scalabrino,/ANON/experiment_root/experiments/rq0_viability/data/rendered/default/rq0_0270.png
778.0,1120.0,0.6946428571428571,0.9974889827396254,778.0,1120.0,1.0,0.0,0.0,0.0,0.0,0.0,0.002511017260374615,0.0,1.0,1120.0,0.0,778.0,778.0,0.0,1.0,0.0,49.0,53.36967804735365,48.876960154241644,0.0,rq0_0271,Scalabrino,/ANON/experiment_root/experiments/rq0_viability/data/rendered/default/rq0_0271.png
801.0,445.0,1.8,0.9954130370744435,801.0,445.0,1.0,0.0,0.0,0.0,0.0,0.0,0.0045869629255564925,0.0,1.0,445.0,0.0,801.0,801.0,0.0,1.0,0.0,41.0,52.35836134413078,40.81193452005218,0.0,rq0_0272,Scalabrino,/ANON/experiment_root/experiments/rq0_viability/data/rendered/default/rq0_0272.png
779.0,1195.0,0.6518828451882845,0.9859684930256041,779.0,1195.0,1.0,0.0,0.0,0.0,0.0,0.0,0.014031506974395924,0.0,1.0,1195.0,0.0,779.0,779.0,0.0,1.0,0.0,59.0,51.9171255254976,58.17214108851064,0.0,rq0_0273,Scalabrino,/ANON/experiment_root/experiments/rq0_viability/data/rendered/default/rq0_0273.png
755.0,645.0,1.1705426356589148,0.9921453873402125,755.0,645.0,1.0,0.0,0.0,0.0,0.0,0.0,0.007854612659787485,0.0,1.0,645.0,0.0,755.0,755.0,0.0,1.0,0.0,49.0,55.39976841608973,48.615123979670415,0.0,rq0_0274,Scalabrino,/ANON/experiment_root/experiments/rq0_viability/data/rendered/default/rq0_0274.png
777.0,545.0,1.4256880733944954,0.9977424344396821,777.0,545.0,1.0,0.0,0.0,0.0,0.0,0.0,0.0022575655603178646,0.0,1.0,545.0,0.0,777.0,777.0,0.0,1.0,0.0,39.0,55.0900972328716,38.911954943147606,0.0,rq0_0275,Scalabrino,/ANON/experiment_root/experiments/rq0_viability/data/rendered/default/rq0_0275.png
780.0,695.0,1.1223021582733812,0.996233167312304,780.0,695.0,1.0,0.0,0.0,0.0,0.0,0.0,0.0037668326876959535,0.0,1.0,695.0,0.0,780.0,780.0,0.0,1.0,0.0,55.0,57.59967762163676,54.792824202176725,0.0,rq0_0276,Scalabrino,/ANON/experiment_root/experiments/rq0_viability/data/rendered/default/rq0_0276.png
791.0,845.0,0.936094674556213,0.9765318412016847,791.0,845.0,1.0,0.0,0.0,0.0,0.0,0.0,0.02346815879831532,0.0,1.0,845.0,0.0,791.0,791.0,0.0,1.0,0.0,48.0,54.73697288612068,46.87352837768086,0.0,rq0_0277,Scalabrino,/ANON/experiment_root/experiments/rq0_viability/data/rendered/default/rq0_0277.png
780.0,945.0,0.8253968253968254,0.9970194003527337,780.0,945.0,1.0,0.0,0.0,0.0,0.0,0.0,0.002980599647266269,0.0,1.0,945.0,0.0,780.0,780.0,0.0,1.0,0.0,42.0,55.11670361706077,41.87481481481482,0.0,rq0_0278,Scalabrino,/ANON/experiment_root/experiments/rq0_viability/data/rendered/default/rq0_0278.png
780.0,945.0,0.8253968253968254,0.9945339845339846,780.0,945.0,1.0,0.0,0.0,0.0,0.0,0.0,0.005466015466015439,0.0,1.0,945.0,0.0,780.0,780.0,0.0,1.0,0.0,39.0,60.9962350542598,38.7868253968254,0.0,rq0_0279,Scalabrino,/ANON/experiment_root/experiments/rq0_viability/data/rendered/default/rq0_0279.png
513.0,320.0,1.603125,0.9981907894736842,513.0,320.0,1.0,0.0,0.0,0.0,0.0,0.0,0.0018092105263157743,0.0,1.0,320.0,0.0,513.0,513.0,0.0,1.0,0.0,56.0,59.42689149880961,55.89868421052632,0.0,rq0_0280,Scalabrino,/ANON/experiment_root/experiments/rq0_viability/data/rendered/default/rq0_0280.png
779.0,395.0,1.9721518987341773,0.9957914236037764,779.0,395.0,1.0,0.0,0.0,0.0,0.0,0.0,0.004208576396223629,0.0,1.0,395.0,0.0,779.0,779.0,0.0,1.0,0.0,39.0,57.99327329857813,38.83586552054728,0.0,rq0_0281,Scalabrino,/ANON/experiment_root/experiments/rq0_viability/data/rendered/default/rq0_0281.png
779.0,570.0,1.3666666666666667,0.9979460847240051,779.0,570.0,1.0,0.0,0.0,0.0,0.0,0.0,0.0020539152759948553,0.0,1.0,570.0,0.0,779.0,779.0,0.0,1.0,0.0,48.0,53.93509557762791,47.90141206675224,0.0,rq0_0282,Scalabrino,/ANON/experiment_root/experiments/rq0_viability/data/rendered/default/rq0_0282.png
923.0,1320.0,0.6992424242424242,0.9976886962802456,923.0,1320.0,1.0,0.0,0.0,0.0,0.0,0.0,0.0023113037197544095,0.0,1.0,1320.0,0.0,923.0,923.0,0.0,1.0,0.0,45.0,51.965768141347944,44.895991332611054,0.0,rq0_0283,Scalabrino,/ANON/experiment_root/experiments/rq0_viability/data/rendered/default/rq0_0283.png
982.0,995.0,0.9869346733668342,0.995220501693805,982.0,995.0,1.0,0.0,0.0,0.0,0.0,0.0,0.004779498306194951,0.0,1.0,995.0,0.0,982.0,982.0,0.0,1.0,0.0,58.0,49.373190306577094,57.722789098240696,0.0,rq0_0284,Scalabrino,/ANON/experiment_root/experiments/rq0_viability/data/rendered/default/rq0_0284.png
864.0,420.0,2.057142857142857,0.9949404761904762,864.0,420.0,1.0,0.0,0.0,0.0,0.0,0.0,0.0050595238095237915,0.0,1.0,420.0,0.0,864.0,864.0,0.0,1.0,0.0,46.0,59.28814872023058,45.7672619047619,0.0,rq0_0285,Scalabrino,/ANON/experiment_root/experiments/rq0_viability/data/rendered/default/rq0_0285.png
923.0,1445.0,0.6387543252595156,0.987391798220786,923.0,1445.0,1.0,0.0,0.0,0.0,0.0,0.0,0.012608201779213957,0.0,1.0,1445.0,0.0,923.0,923.0,0.0,1.0,0.0,56.0,55.43899365077792,55.29394070036402,0.0,rq0_0286,Scalabrino,/ANON/experiment_root/experiments/rq0_viability/data/rendered/default/rq0_0286.png
489.0,295.0,1.6576271186440679,0.9982045682991924,489.0,295.0,1.0,0.0,0.0,0.0,0.0,0.0,0.0017954317008076481,0.0,1.0,295.0,0.0,489.0,489.0,0.0,1.0,0.0,39.0,58.60071435449742,38.9299781636685,0.0,rq0_0287,Scalabrino,/ANON/experiment_root/experiments/rq0_viability/data/rendered/default/rq0_0287.png
779.0,895.0,0.870391061452514,0.9890663434714324,779.0,895.0,1.0,0.0,0.0,0.0,0.0,0.0,0.010933656528567592,0.0,1.0,895.0,0.0,779.0,779.0,0.0,1.0,0.0,59.0,49.64766650375983,58.35491426481451,0.0,rq0_0288,Scalabrino,/ANON/experiment_root/experiments/rq0_viability/data/rendered/default/rq0_0288.png
910.0,1270.0,0.7165354330708661,0.9976438522107813,910.0,1270.0,1.0,0.0,0.0,0.0,0.0,0.0,0.0023561477892186655,0.0,1.0,1270.0,0.0,910.0,910.0,0.0,1.0,0.0,53.0,51.18515760743007,52.875124167171414,0.0,rq0_0289,Scalabrino,/ANON/experiment_root/experiments/rq0_viability/data/rendered/default/rq0_0289.png
621.0,570.0,1.0894736842105264,0.9981015340283075,621.0,570.0,1.0,0.0,0.0,0.0,0.0,0.0,0.00189846597169252,0.0,1.0,570.0,0.0,621.0,621.0,0.0,1.0,0.0,58.0,53.10654500414989,57.88988897364183,0.0,rq0_0290,Scalabrino,/ANON/experiment_root/experiments/rq0_viability/data/rendered/default/rq0_0290.png
779.0,1270.0,0.6133858267716535,0.9913456581727027,779.0,1270.0,1.0,0.0,0.0,0.0,0.0,0.0,0.008654341827297296,0.0,1.0,1270.0,0.0,779.0,779.0,0.0,1.0,0.0,57.0,50.93645297119922,56.506702515844054,0.0,rq0_0291,Scalabrino,/ANON/experiment_root/experiments/rq0_viability/data/rendered/default/rq0_0291.png
779.0,1345.0,0.579182156133829,0.9934784372300777,779.0,1345.0,1.0,0.0,0.0,0.0,0.0,0.0,0.006521562769922329,0.0,1.0,1345.0,0.0,779.0,779.0,0.0,1.0,0.0,49.0,51.93111760780622,48.680443424273804,0.0,rq0_0292,Scalabrino,/ANON/experiment_root/experiments/rq0_viability/data/rendered/default/rq0_0292.png
538.0,645.0,0.834108527131783,0.9954871617532636,538.0,645.0,1.0,0.0,0.0,0.0,0.0,0.0,0.004512838246736428,0.0,1.0,645.0,0.0,538.0,538.0,0.0,1.0,0.0,42.0,63.19860144202049,41.81046079363707,0.0,rq0_0293,Scalabrino,/ANON/experiment_root/experiments/rq0_viability/data/rendered/default/rq0_0293.png
804.0,795.0,1.0113207547169811,0.9975061797928596,804.0,795.0,1.0,0.0,0.0,0.0,0.0,0.0,0.002493820207140396,0.0,1.0,795.0,0.0,804.0,804.0,0.0,1.0,0.0,42.0,52.987702974382934,41.8952595513001,0.0,rq0_0294,Scalabrino,/ANON/experiment_root/experiments/rq0_viability/data/rendered/default/rq0_0294.png
780.0,1095.0,0.7123287671232876,0.994655192600398,780.0,1095.0,1.0,0.0,0.0,0.0,0.0,0.0,0.00534480739960197,0.0,1.0,1095.0,0.0,780.0,780.0,0.0,1.0,0.0,50.0,56.08701074643042,49.7327596300199,0.0,rq0_0295,Scalabrino,/ANON/experiment_root/experiments/rq0_viability/data/rendered/default/rq0_0295.png
864.0,770.0,1.122077922077922,0.9933742183742184,864.0,770.0,1.0,0.0,0.0,0.0,0.0,0.0,0.006625781625781646,0.0,1.0,770.0,0.0,864.0,864.0,0.0,1.0,0.0,41.0,47.635871342448354,40.72834295334295,0.0,rq0_0296,Scalabrino,/ANON/experiment_root/experiments/rq0_viability/data/rendered/default/rq0_0296.png
778.0,620.0,1.2548387096774194,0.9980719794344473,778.0,620.0,1.0,0.0,0.0,0.0,0.0,0.0,0.001928020565552746,0.0,1.0,620.0,0.0,778.0,778.0,0.0,1.0,0.0,42.0,51.3635619222032,41.919023136246786,0.0,rq0_0297,Scalabrino,/ANON/experiment_root/experiments/rq0_viability/data/rendered/default/rq0_0297.png
815.0,1195.0,0.6820083682008368,0.9911297071129707,815.0,1195.0,1.0,0.0,0.0,0.0,0.0,0.0,0.00887029288702934,0.0,1.0,1195.0,0.0,815.0,815.0,0.0,1.0,0.0,56.0,55.272336593780075,55.503263598326356,0.0,rq0_0298,Scalabrino,/ANON/experiment_root/experiments/rq0_viability/data/rendered/default/rq0_0298.png
778.0,595.0,1.307563025210084,0.9950227906072455,778.0,595.0,1.0,0.0,0.0,0.0,0.0,0.0,0.004977209392754478,0.0,1.0,595.0,0.0,778.0,778.0,0.0,1.0,0.0,46.0,62.13237477717613,45.7710483679333,0.0,rq0_0299,Scalabrino,/ANON/experiment_root/experiments/rq0_viability/data/rendered/default/rq0_0299.png
780.0,1145.0,0.6812227074235808,0.9919023625573844,780.0,1145.0,1.0,0.0,0.0,0.0,0.0,0.0,0.008097637442615602,0.0,1.0,1145.0,0.0,780.0,780.0,0.0,1.0,0.0,63.0,49.688541463159105,62.48984884111522,0.0,rq0_0300,Scalabrino,/ANON/experiment_root/experiments/rq0_viability/data/rendered/default/rq0_0300.png
1346.0,1170.0,1.1504273504273503,0.9980327910491358,1346.0,1170.0,1.0,0.0,0.0,0.0,0.0,0.0,0.0019672089508642188,0.0,1.0,1170.0,0.0,1346.0,1346.0,0.0,1.0,0.0,37.0,41.633551196428904,36.92721326881802,0.0,rq0_0301,Scalabrino,/ANON/experiment_root/experiments/rq0_viability/data/rendered/default/rq0_0301.png
803.0,720.0,1.1152777777777778,0.99586100733361,803.0,720.0,1.0,0.0,0.0,0.0,0.0,0.0,0.004138992666389951,0.0,1.0,720.0,0.0,803.0,803.0,0.0,1.0,0.0,38.0,57.76565726428944,37.84271827867718,0.0,rq0_0302,Scalabrino,/ANON/experiment_root/experiments/rq0_viability/data/rendered/default/rq0_0302.png
887.0,1095.0,0.8100456621004566,0.9976463683958549,887.0,1095.0,1.0,0.0,0.0,0.0,0.0,0.0,0.0023536316041451455,0.0,1.0,1095.0,0.0,887.0,887.0,0.0,1.0,0.0,51.0,52.41258496126907,50.879964788188595,0.0,rq0_0303,Scalabrino,/ANON/experiment_root/experiments/rq0_viability/data/rendered/default/rq0_0303.png
779.0,645.0,1.207751937984496,0.9947955538306913,779.0,645.0,1.0,0.0,0.0,0.0,0.0,0.0,0.005204446169308707,0.0,1.0,645.0,0.0,779.0,779.0,0.0,1.0,0.0,49.0,53.67056776797923,48.74498213770387,0.0,rq0_0304,Scalabrino,/ANON/experiment_root/experiments/rq0_viability/data/rendered/default/rq0_0304.png
778.0,495.0,1.5717171717171716,0.9961958920827816,778.0,495.0,1.0,0.0,0.0,0.0,0.0,0.0,0.0038041079172184133,0.0,1.0,495.0,0.0,778.0,778.0,0.0,1.0,0.0,47.0,59.33898226395248,46.821206927890735,0.0,rq0_0305,Scalabrino,/ANON/experiment_root/experiments/rq0_viability/data/rendered/default/rq0_0305.png
827.0,445.0,1.8584269662921349,0.9979892123962338,827.0,445.0,1.0,0.0,0.0,0.0,0.0,0.0,0.002010787603766162,0.0,1.0,445.0,0.0,827.0,827.0,0.0,1.0,0.0,46.0,56.34171306362653,45.907503770226754,0.0,rq0_0306,Scalabrino,/ANON/experiment_root/experiments/rq0_viability/data/rendered/default/rq0_0306.png
849.0,570.0,1.4894736842105263,0.9970016324675056,849.0,570.0,1.0,0.0,0.0,0.0,0.0,0.0,0.0029983675324943837,0.0,1.0,570.0,0.0,849.0,849.0,0.0,1.0,0.0,65.0,53.0010484422348,64.80510611038787,0.0,rq0_0307,Scalabrino,/ANON/experiment_root/experiments/rq0_viability/data/rendered/default/rq0_0307.png
779.0,445.0,1.750561797752809,0.9950152168582597,779.0,445.0,1.0,0.0,0.0,0.0,0.0,0.0,0.004984783141740334,0.0,1.0,445.0,0.0,779.0,779.0,0.0,1.0,0.0,46.0,61.313879309981935,45.77069997547994,0.0,rq0_0308,Scalabrino,/ANON/experiment_root/experiments/rq0_viability/data/rendered/default/rq0_0308.png
801.0,1020.0,0.7852941176470588,0.997003745318352,801.0,1020.0,1.0,0.0,0.0,0.0,0.0,0.0,0.002996254681647992,0.0,1.0,1020.0,0.0,801.0,801.0,0.0,1.0,0.0,56.0,56.07800519122528,55.83220973782771,0.0,rq0_0309,Scalabrino,/ANON/experiment_root/experiments/rq0_viability/data/rendered/default/rq0_0309.png
899.0,595.0,1.5109243697478991,0.9958889896336732,899.0,595.0,1.0,0.0,0.0,0.0,0.0,0.0,0.004111010366326773,0.0,1.0,595.0,0.0,899.0,899.0,0.0,1.0,0.0,46.0,55.965490433054455,45.81089352314897,0.0,rq0_0310,Scalabrino,/ANON/experiment_root/experiments/rq0_viability/data/rendered/default/rq0_0310.png
959.0,1295.0,0.7405405405405405,0.9955962815191178,959.0,1295.0,1.0,0.0,0.0,0.0,0.0,0.0,0.004403718480882168,0.0,1.0,1295.0,0.0,959.0,959.0,0.0,1.0,0.0,47.0,52.69847540958665,46.79302523139854,0.0,rq0_0311,Scalabrino,/ANON/experiment_root/experiments/rq0_viability/data/rendered/default/rq0_0311.png
779.0,995.0,0.7829145728643216,0.9951232413672986,779.0,995.0,1.0,0.0,0.0,0.0,0.0,0.0,0.004876758632701428,0.0,1.0,995.0,0.0,779.0,779.0,0.0,1.0,0.0,49.0,55.60791307973979,48.76103882699763,0.0,rq0_0312,Scalabrino,/ANON/experiment_root/experiments/rq0_viability/data/rendered/default/rq0_0312.png
