run,model,language,condition,n_pairs,strict_swap_pairs,strict_swap_error,strict_swap_ci_low,strict_swap_ci_high,repeat_run_available,repeat_run_flip_rate
grounded_protocol_3lang_20260721,OpenGVLab/InternVL3-8B,cuda,friendly_light__fs20__wrap60__lnon,1000,744,0.744,0.7157571698989935,0.7707982136155871,False,
grounded_protocol_3lang_20260721,OpenGVLab/InternVL3-8B,cuda,friendly_light__fs20__wrap80__lnon,1000,689,0.689,0.6592838186237888,0.7175986946117591,False,
grounded_protocol_3lang_20260721,OpenGVLab/InternVL3-8B,cuda,friendly_light__fs24__wrap60__lnon,1000,692,0.692,0.662351338002505,0.7205133700994173,False,
grounded_protocol_3lang_20260721,OpenGVLab/InternVL3-8B,cuda,friendly_light__fs24__wrap80__lnon,1000,678,0.678,0.6480481447866293,0.7068996236579649,False,
grounded_protocol_3lang_20260721,OpenGVLab/InternVL3-8B,cuda,mono_light__fs20__wrap60__lnon,1000,710,0.71,0.6807865098815257,0.7379712849550527,False,
grounded_protocol_3lang_20260721,OpenGVLab/InternVL3-8B,cuda,mono_light__fs20__wrap80__lnon,1000,675,0.675,0.6449870685625703,0.7039784889386835,False,
grounded_protocol_3lang_20260721,OpenGVLab/InternVL3-8B,cuda,mono_light__fs24__wrap60__lnon,1000,702,0.702,0.6725866614539602,0.7302186685854952,False,
grounded_protocol_3lang_20260721,OpenGVLab/InternVL3-8B,cuda,mono_light__fs24__wrap80__lnon,1000,654,0.654,0.6235968736506604,0.6834931233720001,False,
grounded_protocol_3lang_20260721,OpenGVLab/InternVL3-8B,cuda,monokai_dark__fs20__wrap60__lnon,1000,695,0.695,0.6654202687626467,0.7234266304683378,False,
grounded_protocol_3lang_20260721,OpenGVLab/InternVL3-8B,cuda,monokai_dark__fs20__wrap80__lnon,1000,694,0.694,0.6643971343161432,0.7224557016271423,False,
grounded_protocol_3lang_20260721,OpenGVLab/InternVL3-8B,cuda,monokai_dark__fs24__wrap60__lnon,1000,703,0.703,0.6736110731678129,0.7311883166205182,False,
grounded_protocol_3lang_20260721,OpenGVLab/InternVL3-8B,cuda,monokai_dark__fs24__wrap80__lnon,1000,688,0.688,0.6582616238554309,0.7166268236127108,False,
grounded_protocol_3lang_20260721,OpenGVLab/InternVL3-8B,java,friendly_light__fs20__wrap60__lnon,1000,503,0.503,0.4715408750196658,0.534441416228923,False,
grounded_protocol_3lang_20260721,OpenGVLab/InternVL3-8B,java,friendly_light__fs20__wrap80__lnon,1000,366,0.366,0.33607574878480273,0.39671585879636684,False,
grounded_protocol_3lang_20260721,OpenGVLab/InternVL3-8B,java,friendly_light__fs24__wrap60__lnon,1000,468,0.468,0.43670699654393563,0.49948190470920373,False,
grounded_protocol_3lang_20260721,OpenGVLab/InternVL3-8B,java,friendly_light__fs24__wrap80__lnon,1000,343,0.343,0.3135764488640371,0.37335132279556893,False,
grounded_protocol_3lang_20260721,OpenGVLab/InternVL3-8B,java,mono_light__fs20__wrap60__lnon,1000,505,0.505,0.4735359613149967,0.536434524079906,False,
grounded_protocol_3lang_20260721,OpenGVLab/InternVL3-8B,java,mono_light__fs20__wrap80__lnon,1000,322,0.322,0.2931003763420352,0.35195185521337063,False,
grounded_protocol_3lang_20260721,OpenGVLab/InternVL3-8B,java,mono_light__fs24__wrap60__lnon,1000,487,0.487,0.455597992254128,0.5184787461735794,False,
grounded_protocol_3lang_20260721,OpenGVLab/InternVL3-8B,java,mono_light__fs24__wrap80__lnon,1000,327,0.327,0.2979696876186014,0.35705289727642153,False,
grounded_protocol_3lang_20260721,OpenGVLab/InternVL3-8B,java,monokai_dark__fs20__wrap60__lnon,1000,488,0.488,0.4565934946491748,0.5194773407496999,False,
grounded_protocol_3lang_20260721,OpenGVLab/InternVL3-8B,java,monokai_dark__fs20__wrap80__lnon,1000,367,0.367,0.33705566213358423,0.3977300283095988,False,
grounded_protocol_3lang_20260721,OpenGVLab/InternVL3-8B,java,monokai_dark__fs24__wrap60__lnon,1000,461,0.461,0.4297584650591189,0.4924717630817992,False,
grounded_protocol_3lang_20260721,OpenGVLab/InternVL3-8B,java,monokai_dark__fs24__wrap80__lnon,1000,332,0.332,0.3028427451902085,0.3621502016852709,False,
grounded_protocol_3lang_20260721,OpenGVLab/InternVL3-8B,python,friendly_light__fs20__wrap60__lnon,1000,637,0.637,0.6063274795249269,0.6668631600619819,False,
grounded_protocol_3lang_20260721,OpenGVLab/InternVL3-8B,python,friendly_light__fs20__wrap80__lnon,1000,587,0.587,0.5557638542852987,0.617722428650953,False,
grounded_protocol_3lang_20260721,OpenGVLab/InternVL3-8B,python,friendly_light__fs24__wrap60__lnon,1000,627,0.627,0.5961878424018664,0.6570619651881671,False,
grounded_protocol_3lang_20260721,OpenGVLab/InternVL3-8B,python,friendly_light__fs24__wrap80__lnon,1000,597,0.597,0.565850043764274,0.6275771456439844,False,
grounded_protocol_3lang_20260721,OpenGVLab/InternVL3-8B,python,mono_light__fs20__wrap60__lnon,1000,630,0.63,0.5992282896178014,0.6600037699688276,False,
grounded_protocol_3lang_20260721,OpenGVLab/InternVL3-8B,python,mono_light__fs20__wrap80__lnon,1000,566,0.566,0.5346248299199676,0.5969855070215275,False,
grounded_protocol_3lang_20260721,OpenGVLab/InternVL3-8B,python,mono_light__fs24__wrap60__lnon,1000,602,0.602,0.5708980373110477,0.63249959962615,False,
grounded_protocol_3lang_20260721,OpenGVLab/InternVL3-8B,python,mono_light__fs24__wrap80__lnon,1000,593,0.593,0.5618140058593495,0.6236368227183563,False,
grounded_protocol_3lang_20260721,OpenGVLab/InternVL3-8B,python,monokai_dark__fs20__wrap60__lnon,1000,616,0.616,0.5850500048195575,0.6462648624488312,False,
grounded_protocol_3lang_20260721,OpenGVLab/InternVL3-8B,python,monokai_dark__fs20__wrap80__lnon,1000,543,0.543,0.5115367755816966,0.5742093796781235,False,
grounded_protocol_3lang_20260721,OpenGVLab/InternVL3-8B,python,monokai_dark__fs24__wrap60__lnon,1000,623,0.623,0.59213582321049,0.6531376453404508,False,
grounded_protocol_3lang_20260721,OpenGVLab/InternVL3-8B,python,monokai_dark__fs24__wrap80__lnon,1000,547,0.547,0.5155473142694611,0.5781752233708395,False,
grounded_protocol_3lang_20260721,Qwen/Qwen2.5-VL-7B-Instruct,cuda,friendly_light__fs20__wrap60__lnon,1000,429,0.429,0.39807201178637797,0.46034718333894586,False,
grounded_protocol_3lang_20260721,Qwen/Qwen2.5-VL-7B-Instruct,cuda,friendly_light__fs20__wrap80__lnon,1000,429,0.429,0.39807201178637797,0.46034718333894586,False,
grounded_protocol_3lang_20260721,Qwen/Qwen2.5-VL-7B-Instruct,cuda,friendly_light__fs24__wrap60__lnon,1000,389,0.389,0.35864830527178637,0.42000726280308964,False,
grounded_protocol_3lang_20260721,Qwen/Qwen2.5-VL-7B-Instruct,cuda,friendly_light__fs24__wrap80__lnon,1000,352,0.352,0.32237160435453954,0.3825028689345303,False,
grounded_protocol_3lang_20260721,Qwen/Qwen2.5-VL-7B-Instruct,cuda,mono_light__fs20__wrap60__lnon,1000,453,0.453,0.4218247766291605,0.4844526857305389,False,
grounded_protocol_3lang_20260721,Qwen/Qwen2.5-VL-7B-Instruct,cuda,mono_light__fs20__wrap80__lnon,1000,470,0.47,0.43869341194103906,0.5014836820760215,False,
grounded_protocol_3lang_20260721,Qwen/Qwen2.5-VL-7B-Instruct,cuda,mono_light__fs24__wrap60__lnon,1000,436,0.436,0.40499237518054987,0.4673854757654216,False,
grounded_protocol_3lang_20260721,Qwen/Qwen2.5-VL-7B-Instruct,cuda,mono_light__fs24__wrap80__lnon,1000,351,0.351,0.3213937931189768,0.3814866010926249,False,
grounded_protocol_3lang_20260721,Qwen/Qwen2.5-VL-7B-Instruct,cuda,monokai_dark__fs20__wrap60__lnon,1000,384,0.384,0.3537351375511688,0.41494999518044245,False,
grounded_protocol_3lang_20260721,Qwen/Qwen2.5-VL-7B-Instruct,cuda,monokai_dark__fs20__wrap80__lnon,1000,373,0.373,0.3429380348118329,0.40381215759813366,False,
grounded_protocol_3lang_20260721,Qwen/Qwen2.5-VL-7B-Instruct,cuda,monokai_dark__fs24__wrap60__lnon,1000,359,0.359,0.32922024346035367,0.3896127907959017,False,
grounded_protocol_3lang_20260721,Qwen/Qwen2.5-VL-7B-Instruct,cuda,monokai_dark__fs24__wrap80__lnon,1000,297,0.297,0.2688116833794818,0.3263889268321872,False,
grounded_protocol_3lang_20260721,Qwen/Qwen2.5-VL-7B-Instruct,java,friendly_light__fs20__wrap60__lnon,1000,528,0.528,0.496515037744738,0.5593196752980173,False,
grounded_protocol_3lang_20260721,Qwen/Qwen2.5-VL-7B-Instruct,java,friendly_light__fs20__wrap80__lnon,1000,506,0.506,0.474533689955064,0.5374308925028031,False,
grounded_protocol_3lang_20260721,Qwen/Qwen2.5-VL-7B-Instruct,java,friendly_light__fs24__wrap60__lnon,1000,524,0.524,0.4925139676102947,0.5553443590710254,False,
grounded_protocol_3lang_20260721,Qwen/Qwen2.5-VL-7B-Instruct,java,friendly_light__fs24__wrap80__lnon,1000,403,0.403,0.3724228543560156,0.43414995623572605,False,
grounded_protocol_3lang_20260721,Qwen/Qwen2.5-VL-7B-Instruct,java,mono_light__fs20__wrap60__lnon,1000,539,0.539,0.5075282369182008,0.570241534940881,False,
grounded_protocol_3lang_20260721,Qwen/Qwen2.5-VL-7B-Instruct,java,mono_light__fs20__wrap80__lnon,1000,500,0.5,0.46854917297179194,0.531450827028208,False,
grounded_protocol_3lang_20260721,Qwen/Qwen2.5-VL-7B-Instruct,java,mono_light__fs24__wrap60__lnon,1000,540,0.54,0.5085301843022129,0.5712336834973307,False,
grounded_protocol_3lang_20260721,Qwen/Qwen2.5-VL-7B-Instruct,java,mono_light__fs24__wrap80__lnon,1000,411,0.411,0.38030558695412015,0.4422199476628656,False,
grounded_protocol_3lang_20260721,Qwen/Qwen2.5-VL-7B-Instruct,java,monokai_dark__fs20__wrap60__lnon,1000,477,0.477,0.4456497803164617,0.5084859896841312,False,
grounded_protocol_3lang_20260721,Qwen/Qwen2.5-VL-7B-Instruct,java,monokai_dark__fs20__wrap80__lnon,1000,486,0.486,0.45460261364257953,0.5174800278329171,False,
grounded_protocol_3lang_20260721,Qwen/Qwen2.5-VL-7B-Instruct,java,monokai_dark__fs24__wrap60__lnon,1000,472,0.472,0.44068032470198265,0.503484962255262,False,
grounded_protocol_3lang_20260721,Qwen/Qwen2.5-VL-7B-Instruct,java,monokai_dark__fs24__wrap80__lnon,1000,365,0.365,0.33509597380777095,0.3957015511460871,False,
grounded_protocol_3lang_20260721,Qwen/Qwen2.5-VL-7B-Instruct,python,friendly_light__fs20__wrap60__lnon,1000,588,0.588,0.5567718885375105,0.6187084856913778,False,
grounded_protocol_3lang_20260721,Qwen/Qwen2.5-VL-7B-Instruct,python,friendly_light__fs20__wrap80__lnon,1000,576,0.576,0.5446839891296144,0.6068672809599545,False,
grounded_protocol_3lang_20260721,Qwen/Qwen2.5-VL-7B-Instruct,python,friendly_light__fs24__wrap60__lnon,1000,578,0.578,0.5466973532815693,0.6088421020852304,False,
grounded_protocol_3lang_20260721,Qwen/Qwen2.5-VL-7B-Instruct,python,friendly_light__fs24__wrap80__lnon,1000,490,0.49,0.45858487071411785,0.5214741586781122,False,
grounded_protocol_3lang_20260721,Qwen/Qwen2.5-VL-7B-Instruct,python,mono_light__fs20__wrap60__lnon,1000,574,0.574,0.5426711369656402,0.6048919473777105,False,
grounded_protocol_3lang_20260721,Qwen/Qwen2.5-VL-7B-Instruct,python,mono_light__fs20__wrap80__lnon,1000,571,0.571,0.5396528166610541,0.6019279882136221,False,
grounded_protocol_3lang_20260721,Qwen/Qwen2.5-VL-7B-Instruct,python,mono_light__fs24__wrap60__lnon,1000,606,0.606,0.5749388017289369,0.6364351902727695,False,
grounded_protocol_3lang_20260721,Qwen/Qwen2.5-VL-7B-Instruct,python,mono_light__fs24__wrap80__lnon,1000,497,0.497,0.46555858377107695,0.5284591249803342,False,
grounded_protocol_3lang_20260721,Qwen/Qwen2.5-VL-7B-Instruct,python,monokai_dark__fs20__wrap60__lnon,1000,529,0.529,0.49751561570777664,0.5603131938263565,False,
grounded_protocol_3lang_20260721,Qwen/Qwen2.5-VL-7B-Instruct,python,monokai_dark__fs20__wrap80__lnon,1000,570,0.57,0.5386469648923901,0.6009397466063688,False,
grounded_protocol_3lang_20260721,Qwen/Qwen2.5-VL-7B-Instruct,python,monokai_dark__fs24__wrap60__lnon,1000,567,0.567,0.5356301730589229,0.597974257676586,False,
grounded_protocol_3lang_20260721,Qwen/Qwen2.5-VL-7B-Instruct,python,monokai_dark__fs24__wrap80__lnon,1000,444,0.444,0.4129089681148581,0.47542163813330746,False,
