new_model,predecessor,language,pairs,delta_valid_coverage,delta_effective_accuracy,delta_two_order_averaged_accuracy,new_only_effective_correct,old_only_effective_correct
qwen3,qwen,cuda,3000,0.046666666666666634,-0.04633333333333334,-0.06633333333333336,355,494
qwen3,qwen,java,3000,0.18766666666666665,0.11600000000000005,0.009333333333333305,584,236
qwen3,qwen,python,3000,0.28700000000000003,0.10766666666666669,-0.07033333333333325,629,306
internvl3_5,internvl,cuda,3000,0.26366666666666666,0.22299999999999998,0.07033333333333336,920,251
internvl3_5,internvl,java,3000,0.04566666666666663,0.11333333333333334,0.1196666666666667,709,369
internvl3_5,internvl,python,3000,0.19566666666666666,0.24000000000000002,0.1489999999999999,934,214
gemma4,gemma,cuda,3000,0.005666666666666598,0.04400000000000004,0.043333333333333335,470,338
gemma4,gemma,java,3000,0.06499999999999995,0.03500000000000003,0.0003333333333332966,384,279
gemma4,gemma,python,3000,0.1356666666666667,0.11666666666666664,0.034666666666666734,643,293
