model,feature,importance,abs_importance
decision_tree_depth3,num__source_comment_line_ratio_gold_minus_loser,0.42010091604114685,0.42010091604114685
decision_tree_depth3,num__source_identifier_count_gold_minus_loser,0.21618823965428843,0.21618823965428843
decision_tree_depth3,num__source_token_entropy_max,0.1460755519549794,0.1460755519549794
decision_tree_depth3,num__source_avg_token_length_mean,0.10306305223808142,0.10306305223808142
decision_tree_depth3,num__source_indent_mean_max,0.06745121216671333,0.06745121216671333
decision_tree_depth3,num__source_indent_mean_gold_minus_loser,0.04712102794479058,0.04712102794479058
decision_tree_depth3,num__abs_human_score_gap,0.0,0.0
decision_tree_depth3,num__rf_margin_abs,0.0,0.0
decision_tree_depth3,num__rf_margin_percentile,0.0,0.0
decision_tree_depth3,num__source_loc_total_diff_abs,0.0,0.0
decision_tree_depth3,num__source_loc_total_max,0.0,0.0
decision_tree_depth3,num__source_loc_total_mean,0.0,0.0
decision_tree_depth3,num__source_loc_total_gold_minus_loser,0.0,0.0
decision_tree_depth3,num__source_loc_nonempty_diff_abs,0.0,0.0
decision_tree_depth3,num__source_loc_nonempty_max,0.0,0.0
decision_tree_depth3,num__source_loc_nonempty_mean,0.0,0.0
decision_tree_depth3,num__source_loc_nonempty_gold_minus_loser,0.0,0.0
decision_tree_depth3,num__source_blank_line_ratio_diff_abs,0.0,0.0
decision_tree_depth3,num__source_blank_line_ratio_max,0.0,0.0
decision_tree_depth3,num__source_blank_line_ratio_mean,0.0,0.0
decision_tree_depth3,num__source_blank_line_ratio_gold_minus_loser,0.0,0.0
decision_tree_depth3,num__source_comment_line_ratio_diff_abs,0.0,0.0
decision_tree_depth3,num__source_comment_line_ratio_max,0.0,0.0
decision_tree_depth3,num__source_comment_line_ratio_mean,0.0,0.0
decision_tree_depth3,num__source_avg_line_length_diff_abs,0.0,0.0
decision_tree_depth3,num__source_avg_line_length_max,0.0,0.0
decision_tree_depth3,num__source_avg_line_length_mean,0.0,0.0
decision_tree_depth3,num__source_avg_line_length_gold_minus_loser,0.0,0.0
decision_tree_depth3,num__source_avg_nonempty_line_length_diff_abs,0.0,0.0
decision_tree_depth3,num__source_avg_nonempty_line_length_max,0.0,0.0
decision_tree_depth3,num__source_avg_nonempty_line_length_mean,0.0,0.0
decision_tree_depth3,num__source_avg_nonempty_line_length_gold_minus_loser,0.0,0.0
decision_tree_depth3,num__source_max_line_length_diff_abs,0.0,0.0
decision_tree_depth3,num__source_max_line_length_max,0.0,0.0
decision_tree_depth3,num__source_max_line_length_mean,0.0,0.0
decision_tree_depth3,num__source_max_line_length_gold_minus_loser,0.0,0.0
decision_tree_depth3,num__source_token_count_diff_abs,0.0,0.0
decision_tree_depth3,num__source_token_count_max,0.0,0.0
decision_tree_depth3,num__source_token_count_mean,0.0,0.0
decision_tree_depth3,num__source_token_count_gold_minus_loser,0.0,0.0
decision_tree_depth3,num__source_avg_token_length_diff_abs,0.0,0.0
decision_tree_depth3,num__source_avg_token_length_max,0.0,0.0
decision_tree_depth3,num__source_avg_token_length_gold_minus_loser,0.0,0.0
decision_tree_depth3,num__source_token_entropy_diff_abs,0.0,0.0
decision_tree_depth3,num__source_token_entropy_mean,0.0,0.0
decision_tree_depth3,num__source_token_entropy_gold_minus_loser,0.0,0.0
decision_tree_depth3,num__source_identifier_count_diff_abs,0.0,0.0
decision_tree_depth3,num__source_identifier_count_max,0.0,0.0
decision_tree_depth3,num__source_identifier_count_mean,0.0,0.0
decision_tree_depth3,num__source_identifier_unique_count_diff_abs,0.0,0.0
decision_tree_depth3,num__source_identifier_unique_count_max,0.0,0.0
decision_tree_depth3,num__source_identifier_unique_count_mean,0.0,0.0
decision_tree_depth3,num__source_identifier_unique_count_gold_minus_loser,0.0,0.0
decision_tree_depth3,num__source_avg_identifier_length_diff_abs,0.0,0.0
decision_tree_depth3,num__source_avg_identifier_length_max,0.0,0.0
decision_tree_depth3,num__source_avg_identifier_length_mean,0.0,0.0
decision_tree_depth3,num__source_avg_identifier_length_gold_minus_loser,0.0,0.0
decision_tree_depth3,num__source_keyword_count_diff_abs,0.0,0.0
decision_tree_depth3,num__source_keyword_count_max,0.0,0.0
decision_tree_depth3,num__source_keyword_count_mean,0.0,0.0
decision_tree_depth3,num__source_keyword_count_gold_minus_loser,0.0,0.0
decision_tree_depth3,num__source_operator_count_diff_abs,0.0,0.0
decision_tree_depth3,num__source_operator_count_max,0.0,0.0
decision_tree_depth3,num__source_operator_count_mean,0.0,0.0
decision_tree_depth3,num__source_operator_count_gold_minus_loser,0.0,0.0
decision_tree_depth3,num__source_literal_count_diff_abs,0.0,0.0
decision_tree_depth3,num__source_literal_count_max,0.0,0.0
decision_tree_depth3,num__source_literal_count_mean,0.0,0.0
decision_tree_depth3,num__source_literal_count_gold_minus_loser,0.0,0.0
decision_tree_depth3,num__source_indent_mean_diff_abs,0.0,0.0
decision_tree_depth3,num__source_indent_mean_mean,0.0,0.0
decision_tree_depth3,num__source_indent_max_diff_abs,0.0,0.0
decision_tree_depth3,num__source_indent_max_max,0.0,0.0
decision_tree_depth3,num__source_indent_max_mean,0.0,0.0
decision_tree_depth3,num__source_indent_max_gold_minus_loser,0.0,0.0
decision_tree_depth3,num__source_indent_std_diff_abs,0.0,0.0
decision_tree_depth3,num__source_indent_std_max,0.0,0.0
decision_tree_depth3,num__source_indent_std_mean,0.0,0.0
decision_tree_depth3,num__source_indent_std_gold_minus_loser,0.0,0.0
decision_tree_depth3,num__source_nesting_mean_diff_abs,0.0,0.0
decision_tree_depth3,num__source_nesting_mean_max,0.0,0.0
decision_tree_depth3,num__source_nesting_mean_mean,0.0,0.0
decision_tree_depth3,num__source_nesting_mean_gold_minus_loser,0.0,0.0
decision_tree_depth3,num__source_nesting_max_diff_abs,0.0,0.0
decision_tree_depth3,num__source_nesting_max_max,0.0,0.0
decision_tree_depth3,num__source_nesting_max_mean,0.0,0.0
decision_tree_depth3,num__source_nesting_max_gold_minus_loser,0.0,0.0
decision_tree_depth3,num__source_cyclomatic_estimate_diff_abs,0.0,0.0
decision_tree_depth3,num__source_cyclomatic_estimate_max,0.0,0.0
decision_tree_depth3,num__source_cyclomatic_estimate_mean,0.0,0.0
decision_tree_depth3,num__source_cyclomatic_estimate_gold_minus_loser,0.0,0.0
decision_tree_depth3,num__source_halstead_distinct_operators_diff_abs,0.0,0.0
decision_tree_depth3,num__source_halstead_distinct_operators_max,0.0,0.0
decision_tree_depth3,num__source_halstead_distinct_operators_mean,0.0,0.0
decision_tree_depth3,num__source_halstead_distinct_operators_gold_minus_loser,0.0,0.0
decision_tree_depth3,num__source_halstead_distinct_operands_diff_abs,0.0,0.0
decision_tree_depth3,num__source_halstead_distinct_operands_max,0.0,0.0
decision_tree_depth3,num__source_halstead_distinct_operands_mean,0.0,0.0
decision_tree_depth3,num__source_halstead_distinct_operands_gold_minus_loser,0.0,0.0
decision_tree_depth3,num__source_halstead_vocabulary_diff_abs,0.0,0.0
decision_tree_depth3,num__source_halstead_vocabulary_max,0.0,0.0
decision_tree_depth3,num__source_halstead_vocabulary_mean,0.0,0.0
decision_tree_depth3,num__source_halstead_vocabulary_gold_minus_loser,0.0,0.0
decision_tree_depth3,num__source_halstead_length_diff_abs,0.0,0.0
decision_tree_depth3,num__source_halstead_length_max,0.0,0.0
decision_tree_depth3,num__source_halstead_length_mean,0.0,0.0
decision_tree_depth3,num__source_halstead_length_gold_minus_loser,0.0,0.0
decision_tree_depth3,num__source_halstead_volume_diff_abs,0.0,0.0
decision_tree_depth3,num__source_halstead_volume_max,0.0,0.0
decision_tree_depth3,num__source_halstead_volume_mean,0.0,0.0
decision_tree_depth3,num__source_halstead_volume_gold_minus_loser,0.0,0.0
decision_tree_depth3,num__source_brace_count_diff_abs,0.0,0.0
decision_tree_depth3,num__source_brace_count_max,0.0,0.0
decision_tree_depth3,num__source_brace_count_mean,0.0,0.0
decision_tree_depth3,num__source_brace_count_gold_minus_loser,0.0,0.0
decision_tree_depth3,num__source_parenthesis_count_diff_abs,0.0,0.0
decision_tree_depth3,num__source_parenthesis_count_max,0.0,0.0
decision_tree_depth3,num__source_parenthesis_count_mean,0.0,0.0
decision_tree_depth3,num__source_parenthesis_count_gold_minus_loser,0.0,0.0
decision_tree_depth3,num__source_method_like_count_diff_abs,0.0,0.0
decision_tree_depth3,num__source_method_like_count_max,0.0,0.0
decision_tree_depth3,num__source_method_like_count_mean,0.0,0.0
decision_tree_depth3,num__source_method_like_count_gold_minus_loser,0.0,0.0
decision_tree_depth3,num__source_if_count_diff_abs,0.0,0.0
decision_tree_depth3,num__source_if_count_max,0.0,0.0
decision_tree_depth3,num__source_if_count_mean,0.0,0.0
decision_tree_depth3,num__source_if_count_gold_minus_loser,0.0,0.0
decision_tree_depth3,num__source_for_count_diff_abs,0.0,0.0
decision_tree_depth3,num__source_for_count_max,0.0,0.0
decision_tree_depth3,num__source_for_count_mean,0.0,0.0
decision_tree_depth3,num__source_for_count_gold_minus_loser,0.0,0.0
decision_tree_depth3,num__source_while_count_diff_abs,0.0,0.0
decision_tree_depth3,num__source_while_count_max,0.0,0.0
decision_tree_depth3,num__source_while_count_mean,0.0,0.0
decision_tree_depth3,num__source_while_count_gold_minus_loser,0.0,0.0
decision_tree_depth3,num__source_switch_count_diff_abs,0.0,0.0
decision_tree_depth3,num__source_switch_count_max,0.0,0.0
decision_tree_depth3,num__source_switch_count_mean,0.0,0.0
decision_tree_depth3,num__source_switch_count_gold_minus_loser,0.0,0.0
decision_tree_depth3,num__source_try_count_diff_abs,0.0,0.0
decision_tree_depth3,num__source_try_count_max,0.0,0.0
decision_tree_depth3,num__source_try_count_mean,0.0,0.0
decision_tree_depth3,num__source_try_count_gold_minus_loser,0.0,0.0
decision_tree_depth3,num__source_catch_count_diff_abs,0.0,0.0
decision_tree_depth3,num__source_catch_count_max,0.0,0.0
decision_tree_depth3,num__source_catch_count_mean,0.0,0.0
decision_tree_depth3,num__source_catch_count_gold_minus_loser,0.0,0.0
decision_tree_depth3,num__source_exception_handling_count_diff_abs,0.0,0.0
decision_tree_depth3,num__source_exception_handling_count_max,0.0,0.0
decision_tree_depth3,num__source_exception_handling_count_mean,0.0,0.0
decision_tree_depth3,num__source_exception_handling_count_gold_minus_loser,0.0,0.0
decision_tree_depth3,num__source_api_call_count_diff_abs,0.0,0.0
decision_tree_depth3,num__source_api_call_count_max,0.0,0.0
decision_tree_depth3,num__source_api_call_count_mean,0.0,0.0
decision_tree_depth3,num__source_api_call_count_gold_minus_loser,0.0,0.0
decision_tree_depth3,num__source_line_length_std_diff_abs,0.0,0.0
decision_tree_depth3,num__source_line_length_std_max,0.0,0.0
decision_tree_depth3,num__source_line_length_std_mean,0.0,0.0
decision_tree_depth3,num__source_line_length_std_gold_minus_loser,0.0,0.0
decision_tree_depth3,num__source_blank_line_count_diff_abs,0.0,0.0
decision_tree_depth3,num__source_blank_line_count_max,0.0,0.0
decision_tree_depth3,num__source_blank_line_count_mean,0.0,0.0
decision_tree_depth3,num__source_blank_line_count_gold_minus_loser,0.0,0.0
decision_tree_depth3,num__source_comment_line_count_diff_abs,0.0,0.0
decision_tree_depth3,num__source_comment_line_count_max,0.0,0.0
decision_tree_depth3,num__source_comment_line_count_mean,0.0,0.0
decision_tree_depth3,num__source_comment_line_count_gold_minus_loser,0.0,0.0
decision_tree_depth3,num__visual_image_width_diff_abs,0.0,0.0
decision_tree_depth3,num__visual_image_width_max,0.0,0.0
decision_tree_depth3,num__visual_image_width_mean,0.0,0.0
decision_tree_depth3,num__visual_image_width_gold_minus_loser,0.0,0.0
decision_tree_depth3,num__visual_image_height_diff_abs,0.0,0.0
decision_tree_depth3,num__visual_image_height_max,0.0,0.0
decision_tree_depth3,num__visual_image_height_mean,0.0,0.0
decision_tree_depth3,num__visual_image_height_gold_minus_loser,0.0,0.0
decision_tree_depth3,num__visual_aspect_ratio_diff_abs,0.0,0.0
decision_tree_depth3,num__visual_aspect_ratio_max,0.0,0.0
decision_tree_depth3,num__visual_aspect_ratio_mean,0.0,0.0
decision_tree_depth3,num__visual_aspect_ratio_gold_minus_loser,0.0,0.0
decision_tree_depth3,num__visual_non_background_pixel_density_diff_abs,0.0,0.0
decision_tree_depth3,num__visual_non_background_pixel_density_max,0.0,0.0
decision_tree_depth3,num__visual_non_background_pixel_density_mean,0.0,0.0
decision_tree_depth3,num__visual_non_background_pixel_density_gold_minus_loser,0.0,0.0
decision_tree_depth3,num__visual_code_bounding_box_width_diff_abs,0.0,0.0
decision_tree_depth3,num__visual_code_bounding_box_width_max,0.0,0.0
decision_tree_depth3,num__visual_code_bounding_box_width_mean,0.0,0.0
decision_tree_depth3,num__visual_code_bounding_box_width_gold_minus_loser,0.0,0.0
decision_tree_depth3,num__visual_code_bounding_box_height_diff_abs,0.0,0.0
decision_tree_depth3,num__visual_code_bounding_box_height_max,0.0,0.0
decision_tree_depth3,num__visual_code_bounding_box_height_mean,0.0,0.0
decision_tree_depth3,num__visual_code_bounding_box_height_gold_minus_loser,0.0,0.0
decision_tree_depth3,num__visual_code_bounding_box_area_ratio_diff_abs,0.0,0.0
decision_tree_depth3,num__visual_code_bounding_box_area_ratio_max,0.0,0.0
decision_tree_depth3,num__visual_code_bounding_box_area_ratio_mean,0.0,0.0
decision_tree_depth3,num__visual_code_bounding_box_area_ratio_gold_minus_loser,0.0,0.0
decision_tree_depth3,num__visual_left_margin_mean_diff_abs,0.0,0.0
decision_tree_depth3,num__visual_left_margin_mean_max,0.0,0.0
decision_tree_depth3,num__visual_left_margin_mean_mean,0.0,0.0
decision_tree_depth3,num__visual_left_margin_mean_gold_minus_loser,0.0,0.0
decision_tree_depth3,num__visual_left_margin_std_diff_abs,0.0,0.0
decision_tree_depth3,num__visual_left_margin_std_max,0.0,0.0
decision_tree_depth3,num__visual_left_margin_std_mean,0.0,0.0
decision_tree_depth3,num__visual_left_margin_std_gold_minus_loser,0.0,0.0
decision_tree_depth3,num__visual_left_margin_min_diff_abs,0.0,0.0
decision_tree_depth3,num__visual_left_margin_min_max,0.0,0.0
decision_tree_depth3,num__visual_left_margin_min_mean,0.0,0.0
decision_tree_depth3,num__visual_left_margin_min_gold_minus_loser,0.0,0.0
decision_tree_depth3,num__visual_left_margin_max_diff_abs,0.0,0.0
decision_tree_depth3,num__visual_left_margin_max_max,0.0,0.0
decision_tree_depth3,num__visual_left_margin_max_mean,0.0,0.0
decision_tree_depth3,num__visual_left_margin_max_gold_minus_loser,0.0,0.0
decision_tree_depth3,num__visual_indentation_depth_proxy_diff_abs,0.0,0.0
decision_tree_depth3,num__visual_indentation_depth_proxy_max,0.0,0.0
decision_tree_depth3,num__visual_indentation_depth_proxy_mean,0.0,0.0
decision_tree_depth3,num__visual_indentation_depth_proxy_gold_minus_loser,0.0,0.0
decision_tree_depth3,num__visual_horizontal_whitespace_ratio_diff_abs,0.0,0.0
decision_tree_depth3,num__visual_horizontal_whitespace_ratio_max,0.0,0.0
decision_tree_depth3,num__visual_horizontal_whitespace_ratio_mean,0.0,0.0
decision_tree_depth3,num__visual_horizontal_whitespace_ratio_gold_minus_loser,0.0,0.0
decision_tree_depth3,num__visual_vertical_whitespace_ratio_diff_abs,0.0,0.0
decision_tree_depth3,num__visual_vertical_whitespace_ratio_max,0.0,0.0
decision_tree_depth3,num__visual_vertical_whitespace_ratio_mean,0.0,0.0
decision_tree_depth3,num__visual_vertical_whitespace_ratio_gold_minus_loser,0.0,0.0
decision_tree_depth3,num__visual_number_of_visual_text_lines_diff_abs,0.0,0.0
decision_tree_depth3,num__visual_number_of_visual_text_lines_max,0.0,0.0
decision_tree_depth3,num__visual_number_of_visual_text_lines_mean,0.0,0.0
decision_tree_depth3,num__visual_number_of_visual_text_lines_gold_minus_loser,0.0,0.0
decision_tree_depth3,num__visual_estimated_line_height_diff_abs,0.0,0.0
decision_tree_depth3,num__visual_estimated_line_height_max,0.0,0.0
decision_tree_depth3,num__visual_estimated_line_height_mean,0.0,0.0
decision_tree_depth3,num__visual_estimated_line_height_gold_minus_loser,0.0,0.0
decision_tree_depth3,num__visual_line_spacing_mean_diff_abs,0.0,0.0
decision_tree_depth3,num__visual_line_spacing_mean_max,0.0,0.0
decision_tree_depth3,num__visual_line_spacing_mean_mean,0.0,0.0
decision_tree_depth3,num__visual_line_spacing_mean_gold_minus_loser,0.0,0.0
decision_tree_depth3,num__visual_line_length_mean_diff_abs,0.0,0.0
decision_tree_depth3,num__visual_line_length_mean_max,0.0,0.0
decision_tree_depth3,num__visual_line_length_mean_mean,0.0,0.0
decision_tree_depth3,num__visual_line_length_mean_gold_minus_loser,0.0,0.0
decision_tree_depth3,num__visual_line_length_max_diff_abs,0.0,0.0
decision_tree_depth3,num__visual_line_length_max_max,0.0,0.0
decision_tree_depth3,num__visual_line_length_max_mean,0.0,0.0
decision_tree_depth3,num__visual_line_length_max_gold_minus_loser,0.0,0.0
decision_tree_depth3,num__visual_line_length_std_diff_abs,0.0,0.0
decision_tree_depth3,num__visual_line_length_std_max,0.0,0.0
decision_tree_depth3,num__visual_line_length_std_mean,0.0,0.0
decision_tree_depth3,num__visual_line_length_std_gold_minus_loser,0.0,0.0
decision_tree_depth3,num__visual_dense_block_ratio_diff_abs,0.0,0.0
decision_tree_depth3,num__visual_dense_block_ratio_max,0.0,0.0
decision_tree_depth3,num__visual_dense_block_ratio_mean,0.0,0.0
decision_tree_depth3,num__visual_dense_block_ratio_gold_minus_loser,0.0,0.0
decision_tree_depth3,num__visual_empty_vertical_gap_count_diff_abs,0.0,0.0
decision_tree_depth3,num__visual_empty_vertical_gap_count_max,0.0,0.0
decision_tree_depth3,num__visual_empty_vertical_gap_count_mean,0.0,0.0
decision_tree_depth3,num__visual_empty_vertical_gap_count_gold_minus_loser,0.0,0.0
decision_tree_depth3,num__visual_color_diversity_diff_abs,0.0,0.0
decision_tree_depth3,num__visual_color_diversity_max,0.0,0.0
decision_tree_depth3,num__visual_color_diversity_mean,0.0,0.0
decision_tree_depth3,num__visual_color_diversity_gold_minus_loser,0.0,0.0
decision_tree_depth3,num__visual_contrast_score_diff_abs,0.0,0.0
decision_tree_depth3,num__visual_contrast_score_max,0.0,0.0
decision_tree_depth3,num__visual_contrast_score_mean,0.0,0.0
decision_tree_depth3,num__visual_contrast_score_gold_minus_loser,0.0,0.0
decision_tree_depth3,num__visual_clutter_score_diff_abs,0.0,0.0
decision_tree_depth3,num__visual_clutter_score_max,0.0,0.0
decision_tree_depth3,num__visual_clutter_score_mean,0.0,0.0
decision_tree_depth3,num__visual_clutter_score_gold_minus_loser,0.0,0.0
decision_tree_depth3,num__visual_error_diff_abs,0.0,0.0
decision_tree_depth3,num__visual_error_max,0.0,0.0
decision_tree_depth3,num__visual_error_mean,0.0,0.0
decision_tree_depth3,num__visual_error_gold_minus_loser,0.0,0.0
decision_tree_depth3,cat__difficulty_easy,0.0,0.0
decision_tree_depth3,cat__difficulty_hard,0.0,0.0
decision_tree_depth3,cat__difficulty_medium,0.0,0.0
gradient_boosting,num__source_comment_line_ratio_gold_minus_loser,0.07901525393269472,0.07901525393269472
gradient_boosting,num__source_indent_mean_gold_minus_loser,0.05268938376315496,0.05268938376315496
gradient_boosting,num__source_indent_std_mean,0.0323946115855796,0.0323946115855796
gradient_boosting,num__source_avg_token_length_gold_minus_loser,0.03155568051346305,0.03155568051346305
gradient_boosting,num__source_nesting_mean_gold_minus_loser,0.029679346464245256,0.029679346464245256
gradient_boosting,num__source_avg_token_length_mean,0.028667830541369774,0.028667830541369774
gradient_boosting,num__source_avg_line_length_gold_minus_loser,0.024787284366562478,0.024787284366562478
gradient_boosting,num__source_catch_count_gold_minus_loser,0.021301604047878633,0.021301604047878633
gradient_boosting,num__source_loc_total_max,0.020351589088091315,0.020351589088091315
gradient_boosting,num__source_identifier_count_gold_minus_loser,0.01927085612304211,0.01927085612304211
gradient_boosting,num__visual_non_background_pixel_density_max,0.019170566027039558,0.019170566027039558
gradient_boosting,num__source_halstead_distinct_operands_gold_minus_loser,0.018986345836623418,0.018986345836623418
gradient_boosting,num__source_indent_mean_max,0.017527050059049927,0.017527050059049927
gradient_boosting,num__visual_non_background_pixel_density_gold_minus_loser,0.017185171365043952,0.017185171365043952
gradient_boosting,num__visual_horizontal_whitespace_ratio_mean,0.016470601472518304,0.016470601472518304
gradient_boosting,num__visual_aspect_ratio_max,0.015782360154555312,0.015782360154555312
gradient_boosting,num__source_max_line_length_gold_minus_loser,0.014600399854927752,0.014600399854927752
gradient_boosting,num__visual_horizontal_whitespace_ratio_gold_minus_loser,0.014469990786156283,0.014469990786156283
gradient_boosting,num__visual_image_width_gold_minus_loser,0.012542809588991843,0.012542809588991843
gradient_boosting,num__source_comment_line_count_gold_minus_loser,0.012476502346018206,0.012476502346018206
gradient_boosting,num__source_indent_std_diff_abs,0.011496334756315143,0.011496334756315143
gradient_boosting,num__source_halstead_volume_gold_minus_loser,0.011351982290697981,0.011351982290697981
gradient_boosting,num__source_token_entropy_mean,0.011064557546976718,0.011064557546976718
gradient_boosting,num__visual_horizontal_whitespace_ratio_max,0.01016076426525724,0.01016076426525724
gradient_boosting,num__source_indent_mean_diff_abs,0.010092019634981998,0.010092019634981998
gradient_boosting,num__source_blank_line_count_gold_minus_loser,0.009911224518395914,0.009911224518395914
gradient_boosting,num__source_avg_token_length_diff_abs,0.009869929237956203,0.009869929237956203
gradient_boosting,num__source_token_entropy_max,0.009748595082444016,0.009748595082444016
gradient_boosting,num__source_blank_line_ratio_mean,0.009699240903749877,0.009699240903749877
gradient_boosting,num__visual_clutter_score_gold_minus_loser,0.009449416986085785,0.009449416986085785
gradient_boosting,num__visual_line_length_mean_mean,0.009373077371342423,0.009373077371342423
gradient_boosting,num__source_avg_nonempty_line_length_diff_abs,0.009236595068678332,0.009236595068678332
gradient_boosting,num__source_blank_line_count_max,0.008702678376707358,0.008702678376707358
gradient_boosting,num__source_indent_mean_mean,0.008664443770460443,0.008664443770460443
gradient_boosting,num__source_halstead_distinct_operators_gold_minus_loser,0.00862417653592241,0.00862417653592241
gradient_boosting,num__visual_line_length_max_gold_minus_loser,0.008280205801017826,0.008280205801017826
gradient_boosting,num__visual_image_width_diff_abs,0.007633906103150983,0.007633906103150983
gradient_boosting,num__source_token_entropy_diff_abs,0.0076225919496151475,0.0076225919496151475
gradient_boosting,num__source_token_entropy_gold_minus_loser,0.00752275497633462,0.00752275497633462
gradient_boosting,num__source_blank_line_count_diff_abs,0.00744070713231907,0.00744070713231907
gradient_boosting,num__visual_line_length_max_max,0.007319538269300812,0.007319538269300812
gradient_boosting,num__source_literal_count_diff_abs,0.007318896030083527,0.007318896030083527
gradient_boosting,num__source_max_line_length_mean,0.00712713431166568,0.00712713431166568
gradient_boosting,num__visual_line_length_max_diff_abs,0.007077507644222686,0.007077507644222686
gradient_boosting,num__abs_human_score_gap,0.006675275905063999,0.006675275905063999
gradient_boosting,num__source_halstead_distinct_operands_mean,0.006525023722975555,0.006525023722975555
gradient_boosting,num__source_avg_nonempty_line_length_max,0.006456679299549966,0.006456679299549966
gradient_boosting,num__visual_line_length_mean_gold_minus_loser,0.006157072210194861,0.006157072210194861
gradient_boosting,num__source_avg_identifier_length_max,0.0061214559396045335,0.0061214559396045335
gradient_boosting,num__visual_code_bounding_box_width_gold_minus_loser,0.005886340952295079,0.005886340952295079
gradient_boosting,num__source_blank_line_ratio_gold_minus_loser,0.005854908859528348,0.005854908859528348
gradient_boosting,num__visual_non_background_pixel_density_mean,0.00575331876840935,0.00575331876840935
gradient_boosting,num__source_literal_count_gold_minus_loser,0.005626982088288674,0.005626982088288674
gradient_boosting,num__source_avg_nonempty_line_length_mean,0.005600689669890151,0.005600689669890151
gradient_boosting,num__source_halstead_length_gold_minus_loser,0.005564352448101208,0.005564352448101208
gradient_boosting,num__source_nesting_mean_diff_abs,0.005276791323383407,0.005276791323383407
gradient_boosting,num__source_operator_count_mean,0.005228967789801633,0.005228967789801633
gradient_boosting,num__source_avg_identifier_length_mean,0.0050404279306700455,0.0050404279306700455
gradient_boosting,num__source_switch_count_gold_minus_loser,0.005005096652951468,0.005005096652951468
gradient_boosting,num__visual_clutter_score_diff_abs,0.004756600950368256,0.004756600950368256
gradient_boosting,num__visual_aspect_ratio_gold_minus_loser,0.004676581072858182,0.004676581072858182
gradient_boosting,num__source_keyword_count_diff_abs,0.004611673633576253,0.004611673633576253
gradient_boosting,num__rf_margin_abs,0.00459544387529474,0.00459544387529474
gradient_boosting,num__source_nesting_mean_max,0.004509990596122479,0.004509990596122479
gradient_boosting,num__visual_line_length_max_mean,0.004411615211789994,0.004411615211789994
gradient_boosting,num__visual_image_width_mean,0.00434899927348142,0.00434899927348142
gradient_boosting,num__source_avg_line_length_diff_abs,0.004299877274158931,0.004299877274158931
gradient_boosting,num__visual_code_bounding_box_width_mean,0.004248329099257037,0.004248329099257037
gradient_boosting,num__source_avg_line_length_mean,0.004237601046041778,0.004237601046041778
gradient_boosting,num__visual_aspect_ratio_mean,0.004196596250006874,0.004196596250006874
gradient_boosting,num__source_loc_total_gold_minus_loser,0.004049601190249276,0.004049601190249276
gradient_boosting,num__source_identifier_unique_count_gold_minus_loser,0.004032807435233844,0.004032807435233844
gradient_boosting,num__visual_horizontal_whitespace_ratio_diff_abs,0.004009018136903758,0.004009018136903758
gradient_boosting,num__source_keyword_count_gold_minus_loser,0.0039935629497178105,0.0039935629497178105
gradient_boosting,num__source_method_like_count_gold_minus_loser,0.003869387287769454,0.003869387287769454
gradient_boosting,num__visual_contrast_score_gold_minus_loser,0.0038373146565010147,0.0038373146565010147
gradient_boosting,num__source_line_length_std_gold_minus_loser,0.0037967619209091225,0.0037967619209091225
gradient_boosting,num__visual_contrast_score_diff_abs,0.0037456095871017045,0.0037456095871017045
gradient_boosting,num__source_avg_token_length_max,0.0037150903980223498,0.0037150903980223498
gradient_boosting,num__source_while_count_gold_minus_loser,0.0033456102719795384,0.0033456102719795384
gradient_boosting,num__source_blank_line_ratio_max,0.0032690017277917974,0.0032690017277917974
gradient_boosting,num__visual_code_bounding_box_width_diff_abs,0.003257044064852706,0.003257044064852706
gradient_boosting,num__source_halstead_vocabulary_max,0.0031956014414273428,0.0031956014414273428
gradient_boosting,num__source_indent_max_mean,0.003186764835349426,0.003186764835349426
gradient_boosting,num__source_halstead_vocabulary_diff_abs,0.0030795031267856756,0.0030795031267856756
gradient_boosting,num__visual_clutter_score_max,0.003066299601344894,0.003066299601344894
gradient_boosting,num__source_max_line_length_max,0.003006200362734312,0.003006200362734312
gradient_boosting,num__source_if_count_mean,0.0028946410268002785,0.0028946410268002785
gradient_boosting,num__source_brace_count_diff_abs,0.0028122774496254703,0.0028122774496254703
gradient_boosting,num__source_literal_count_max,0.00276201468575513,0.00276201468575513
gradient_boosting,num__source_loc_nonempty_max,0.0027143534179465694,0.0027143534179465694
gradient_boosting,num__source_halstead_length_max,0.002652349798244345,0.002652349798244345
gradient_boosting,num__source_comment_line_count_diff_abs,0.002591143219875093,0.002591143219875093
gradient_boosting,num__source_line_length_std_mean,0.002583443667537159,0.002583443667537159
gradient_boosting,num__source_keyword_count_max,0.002532176192635253,0.002532176192635253
gradient_boosting,num__rf_margin_percentile,0.0025279939284552537,0.0025279939284552537
gradient_boosting,num__source_parenthesis_count_mean,0.002428143341745917,0.002428143341745917
gradient_boosting,num__source_if_count_diff_abs,0.0023869844192859154,0.0023869844192859154
gradient_boosting,num__source_operator_count_max,0.0023763080657915507,0.0023763080657915507
gradient_boosting,num__source_loc_total_mean,0.002349329281386028,0.002349329281386028
gradient_boosting,num__source_max_line_length_diff_abs,0.0022826183604922274,0.0022826183604922274
gradient_boosting,num__source_api_call_count_gold_minus_loser,0.0021994022634953046,0.0021994022634953046
gradient_boosting,num__source_identifier_count_diff_abs,0.0021392665508382217,0.0021392665508382217
gradient_boosting,num__source_identifier_unique_count_diff_abs,0.0021018731116312964,0.0021018731116312964
gradient_boosting,num__source_brace_count_mean,0.002094356583550499,0.002094356583550499
gradient_boosting,num__source_indent_max_gold_minus_loser,0.0020901454186341346,0.0020901454186341346
gradient_boosting,num__source_parenthesis_count_diff_abs,0.0020705079226350726,0.0020705079226350726
gradient_boosting,num__source_identifier_count_max,0.0019287154409786914,0.0019287154409786914
gradient_boosting,num__source_keyword_count_mean,0.0019223443173418987,0.0019223443173418987
gradient_boosting,num__source_indent_std_gold_minus_loser,0.0019000723114334778,0.0019000723114334778
gradient_boosting,num__visual_line_length_mean_max,0.0018878686974070772,0.0018878686974070772
gradient_boosting,num__visual_code_bounding_box_height_max,0.001837598741865361,0.001837598741865361
gradient_boosting,num__source_avg_identifier_length_diff_abs,0.0016898895239686796,0.0016898895239686796
gradient_boosting,num__source_avg_nonempty_line_length_gold_minus_loser,0.0016431731392472142,0.0016431731392472142
gradient_boosting,num__source_comment_line_ratio_mean,0.001605329763838773,0.001605329763838773
gradient_boosting,num__source_for_count_gold_minus_loser,0.0015027502657685443,0.0015027502657685443
gradient_boosting,num__source_token_count_mean,0.0014276574882699873,0.0014276574882699873
gradient_boosting,num__visual_aspect_ratio_diff_abs,0.001422411389568066,0.001422411389568066
gradient_boosting,num__source_exception_handling_count_mean,0.0013640305082894101,0.0013640305082894101
gradient_boosting,num__visual_clutter_score_mean,0.001206811242183274,0.001206811242183274
gradient_boosting,num__source_nesting_mean_mean,0.001173430925794519,0.001173430925794519
gradient_boosting,num__source_cyclomatic_estimate_gold_minus_loser,0.0011372406436072262,0.0011372406436072262
gradient_boosting,num__visual_estimated_line_height_max,0.0010945958535070264,0.0010945958535070264
gradient_boosting,num__visual_non_background_pixel_density_diff_abs,0.0010654397388742678,0.0010654397388742678
gradient_boosting,num__source_halstead_distinct_operators_diff_abs,0.001008841929140137,0.001008841929140137
gradient_boosting,num__visual_contrast_score_max,0.0009637055763226926,0.0009637055763226926
gradient_boosting,num__source_parenthesis_count_max,0.0009509092037089745,0.0009509092037089745
gradient_boosting,num__source_avg_identifier_length_gold_minus_loser,0.0009366069144360759,0.0009366069144360759
gradient_boosting,num__source_halstead_length_diff_abs,0.0009284086941082557,0.0009284086941082557
gradient_boosting,num__source_loc_nonempty_diff_abs,0.0009252988294724508,0.0009252988294724508
gradient_boosting,num__visual_image_height_max,0.0009214866503723999,0.0009214866503723999
gradient_boosting,num__source_switch_count_max,0.0009209665164617389,0.0009209665164617389
gradient_boosting,num__source_indent_max_diff_abs,0.0007976437183207813,0.0007976437183207813
gradient_boosting,num__visual_image_height_diff_abs,0.0007235571860798953,0.0007235571860798953
gradient_boosting,num__source_if_count_max,0.0007132834957700285,0.0007132834957700285
gradient_boosting,num__source_loc_nonempty_mean,0.0006871792067336524,0.0006871792067336524
gradient_boosting,num__source_line_length_std_max,0.0006865394495509153,0.0006865394495509153
gradient_boosting,num__visual_estimated_line_height_diff_abs,0.0006296842341520649,0.0006296842341520649
gradient_boosting,num__visual_color_diversity_gold_minus_loser,0.0006239274003569427,0.0006239274003569427
gradient_boosting,num__source_halstead_distinct_operands_max,0.0005725122785416967,0.0005725122785416967
gradient_boosting,num__source_halstead_volume_max,0.0005198386156360439,0.0005198386156360439
gradient_boosting,num__visual_color_diversity_diff_abs,0.0003805258992145261,0.0003805258992145261
gradient_boosting,num__source_identifier_count_mean,0.0003736055926921483,0.0003736055926921483
gradient_boosting,num__source_operator_count_gold_minus_loser,0.00034192270719512677,0.00034192270719512677
gradient_boosting,num__source_brace_count_gold_minus_loser,0.000323012796632056,0.000323012796632056
gradient_boosting,num__source_blank_line_ratio_diff_abs,0.00017243917491704676,0.00017243917491704676
gradient_boosting,num__source_identifier_unique_count_mean,0.00013764812887433734,0.00013764812887433734
gradient_boosting,num__source_indent_max_max,0.0001275863044543128,0.0001275863044543128
gradient_boosting,num__source_method_like_count_max,0.00010225991565978466,0.00010225991565978466
gradient_boosting,num__source_halstead_length_mean,6.518568674058763e-05,6.518568674058763e-05
gradient_boosting,num__source_nesting_max_mean,5.91169062413887e-05,5.91169062413887e-05
gradient_boosting,num__source_catch_count_max,4.1004132856380786e-05,4.1004132856380786e-05
gradient_boosting,num__source_halstead_distinct_operators_mean,3.60968574655888e-05,3.60968574655888e-05
gradient_boosting,num__source_brace_count_max,3.22928118324792e-05,3.22928118324792e-05
gradient_boosting,num__visual_contrast_score_mean,3.0503034348821543e-05,3.0503034348821543e-05
gradient_boosting,num__source_cyclomatic_estimate_diff_abs,2.6456201317759713e-05,2.6456201317759713e-05
gradient_boosting,num__source_operator_count_diff_abs,2.9575767246015566e-06,2.9575767246015566e-06
gradient_boosting,num__source_comment_line_ratio_diff_abs,2.920356337130946e-06,2.920356337130946e-06
gradient_boosting,num__source_loc_total_diff_abs,0.0,0.0
gradient_boosting,num__source_loc_nonempty_gold_minus_loser,0.0,0.0
gradient_boosting,num__source_comment_line_ratio_max,0.0,0.0
gradient_boosting,num__source_avg_line_length_max,0.0,0.0
gradient_boosting,num__source_token_count_diff_abs,0.0,0.0
gradient_boosting,num__source_token_count_max,0.0,0.0
gradient_boosting,num__source_token_count_gold_minus_loser,0.0,0.0
gradient_boosting,num__source_identifier_unique_count_max,0.0,0.0
gradient_boosting,num__source_literal_count_mean,0.0,0.0
gradient_boosting,num__source_indent_std_max,0.0,0.0
gradient_boosting,num__source_nesting_max_diff_abs,0.0,0.0
gradient_boosting,num__source_nesting_max_max,0.0,0.0
gradient_boosting,num__source_nesting_max_gold_minus_loser,0.0,0.0
gradient_boosting,num__source_cyclomatic_estimate_max,0.0,0.0
gradient_boosting,num__source_cyclomatic_estimate_mean,0.0,0.0
gradient_boosting,num__source_halstead_distinct_operators_max,0.0,0.0
gradient_boosting,num__source_halstead_distinct_operands_diff_abs,0.0,0.0
gradient_boosting,num__source_halstead_vocabulary_mean,0.0,0.0
gradient_boosting,num__source_halstead_vocabulary_gold_minus_loser,0.0,0.0
gradient_boosting,num__source_halstead_volume_diff_abs,0.0,0.0
gradient_boosting,num__source_halstead_volume_mean,0.0,0.0
gradient_boosting,num__source_parenthesis_count_gold_minus_loser,0.0,0.0
gradient_boosting,num__source_method_like_count_diff_abs,0.0,0.0
gradient_boosting,num__source_method_like_count_mean,0.0,0.0
gradient_boosting,num__source_if_count_gold_minus_loser,0.0,0.0
gradient_boosting,num__source_for_count_diff_abs,0.0,0.0
gradient_boosting,num__source_for_count_max,0.0,0.0
gradient_boosting,num__source_for_count_mean,0.0,0.0
gradient_boosting,num__source_while_count_diff_abs,0.0,0.0
gradient_boosting,num__source_while_count_max,0.0,0.0
gradient_boosting,num__source_while_count_mean,0.0,0.0
gradient_boosting,num__source_switch_count_diff_abs,0.0,0.0
gradient_boosting,num__source_switch_count_mean,0.0,0.0
gradient_boosting,num__source_try_count_diff_abs,0.0,0.0
gradient_boosting,num__source_try_count_max,0.0,0.0
gradient_boosting,num__source_try_count_mean,0.0,0.0
gradient_boosting,num__source_try_count_gold_minus_loser,0.0,0.0
gradient_boosting,num__source_catch_count_diff_abs,0.0,0.0
gradient_boosting,num__source_catch_count_mean,0.0,0.0
gradient_boosting,num__source_exception_handling_count_diff_abs,0.0,0.0
gradient_boosting,num__source_exception_handling_count_max,0.0,0.0
gradient_boosting,num__source_exception_handling_count_gold_minus_loser,0.0,0.0
gradient_boosting,num__source_api_call_count_diff_abs,0.0,0.0
gradient_boosting,num__source_api_call_count_max,0.0,0.0
gradient_boosting,num__source_api_call_count_mean,0.0,0.0
gradient_boosting,num__source_line_length_std_diff_abs,0.0,0.0
gradient_boosting,num__source_blank_line_count_mean,0.0,0.0
gradient_boosting,num__source_comment_line_count_max,0.0,0.0
gradient_boosting,num__source_comment_line_count_mean,0.0,0.0
gradient_boosting,num__visual_image_width_max,0.0,0.0
gradient_boosting,num__visual_image_height_mean,0.0,0.0
gradient_boosting,num__visual_image_height_gold_minus_loser,0.0,0.0
gradient_boosting,num__visual_code_bounding_box_width_max,0.0,0.0
gradient_boosting,num__visual_code_bounding_box_height_diff_abs,0.0,0.0
gradient_boosting,num__visual_code_bounding_box_height_mean,0.0,0.0
gradient_boosting,num__visual_code_bounding_box_height_gold_minus_loser,0.0,0.0
gradient_boosting,num__visual_code_bounding_box_area_ratio_diff_abs,0.0,0.0
gradient_boosting,num__visual_code_bounding_box_area_ratio_max,0.0,0.0
gradient_boosting,num__visual_code_bounding_box_area_ratio_mean,0.0,0.0
gradient_boosting,num__visual_code_bounding_box_area_ratio_gold_minus_loser,0.0,0.0
gradient_boosting,num__visual_left_margin_mean_diff_abs,0.0,0.0
gradient_boosting,num__visual_left_margin_mean_max,0.0,0.0
gradient_boosting,num__visual_left_margin_mean_mean,0.0,0.0
gradient_boosting,num__visual_left_margin_mean_gold_minus_loser,0.0,0.0
gradient_boosting,num__visual_left_margin_std_diff_abs,0.0,0.0
gradient_boosting,num__visual_left_margin_std_max,0.0,0.0
gradient_boosting,num__visual_left_margin_std_mean,0.0,0.0
gradient_boosting,num__visual_left_margin_std_gold_minus_loser,0.0,0.0
gradient_boosting,num__visual_left_margin_min_diff_abs,0.0,0.0
gradient_boosting,num__visual_left_margin_min_max,0.0,0.0
gradient_boosting,num__visual_left_margin_min_mean,0.0,0.0
gradient_boosting,num__visual_left_margin_min_gold_minus_loser,0.0,0.0
gradient_boosting,num__visual_left_margin_max_diff_abs,0.0,0.0
gradient_boosting,num__visual_left_margin_max_max,0.0,0.0
gradient_boosting,num__visual_left_margin_max_mean,0.0,0.0
gradient_boosting,num__visual_left_margin_max_gold_minus_loser,0.0,0.0
gradient_boosting,num__visual_indentation_depth_proxy_diff_abs,0.0,0.0
gradient_boosting,num__visual_indentation_depth_proxy_max,0.0,0.0
gradient_boosting,num__visual_indentation_depth_proxy_mean,0.0,0.0
gradient_boosting,num__visual_indentation_depth_proxy_gold_minus_loser,0.0,0.0
gradient_boosting,num__visual_vertical_whitespace_ratio_diff_abs,0.0,0.0
gradient_boosting,num__visual_vertical_whitespace_ratio_max,0.0,0.0
gradient_boosting,num__visual_vertical_whitespace_ratio_mean,0.0,0.0
gradient_boosting,num__visual_vertical_whitespace_ratio_gold_minus_loser,0.0,0.0
gradient_boosting,num__visual_number_of_visual_text_lines_diff_abs,0.0,0.0
gradient_boosting,num__visual_number_of_visual_text_lines_max,0.0,0.0
gradient_boosting,num__visual_number_of_visual_text_lines_mean,0.0,0.0
gradient_boosting,num__visual_number_of_visual_text_lines_gold_minus_loser,0.0,0.0
gradient_boosting,num__visual_estimated_line_height_mean,0.0,0.0
gradient_boosting,num__visual_estimated_line_height_gold_minus_loser,0.0,0.0
gradient_boosting,num__visual_line_spacing_mean_diff_abs,0.0,0.0
gradient_boosting,num__visual_line_spacing_mean_max,0.0,0.0
gradient_boosting,num__visual_line_spacing_mean_mean,0.0,0.0
gradient_boosting,num__visual_line_spacing_mean_gold_minus_loser,0.0,0.0
gradient_boosting,num__visual_line_length_mean_diff_abs,0.0,0.0
gradient_boosting,num__visual_line_length_std_diff_abs,0.0,0.0
gradient_boosting,num__visual_line_length_std_max,0.0,0.0
gradient_boosting,num__visual_line_length_std_mean,0.0,0.0
gradient_boosting,num__visual_line_length_std_gold_minus_loser,0.0,0.0
gradient_boosting,num__visual_dense_block_ratio_diff_abs,0.0,0.0
gradient_boosting,num__visual_dense_block_ratio_max,0.0,0.0
gradient_boosting,num__visual_dense_block_ratio_mean,0.0,0.0
gradient_boosting,num__visual_dense_block_ratio_gold_minus_loser,0.0,0.0
gradient_boosting,num__visual_empty_vertical_gap_count_diff_abs,0.0,0.0
gradient_boosting,num__visual_empty_vertical_gap_count_max,0.0,0.0
gradient_boosting,num__visual_empty_vertical_gap_count_mean,0.0,0.0
gradient_boosting,num__visual_empty_vertical_gap_count_gold_minus_loser,0.0,0.0
gradient_boosting,num__visual_color_diversity_max,0.0,0.0
gradient_boosting,num__visual_color_diversity_mean,0.0,0.0
gradient_boosting,num__visual_error_diff_abs,0.0,0.0
gradient_boosting,num__visual_error_max,0.0,0.0
gradient_boosting,num__visual_error_mean,0.0,0.0
gradient_boosting,num__visual_error_gold_minus_loser,0.0,0.0
gradient_boosting,cat__difficulty_easy,0.0,0.0
gradient_boosting,cat__difficulty_hard,0.0,0.0
gradient_boosting,cat__difficulty_medium,0.0,0.0
logistic_regression,num__source_loc_nonempty_gold_minus_loser,1.472692068027929,1.472692068027929
logistic_regression,num__source_comment_line_ratio_gold_minus_loser,1.3915289336465295,1.3915289336465295
logistic_regression,num__source_method_like_count_gold_minus_loser,1.3384257502975967,1.3384257502975967
logistic_regression,num__source_loc_total_gold_minus_loser,1.286207121357002,1.286207121357002
logistic_regression,num__source_avg_token_length_gold_minus_loser,1.0871113069759928,1.0871113069759928
logistic_regression,num__visual_image_height_gold_minus_loser,-1.0455841865397864,1.0455841865397864
logistic_regression,num__visual_code_bounding_box_height_gold_minus_loser,-1.0455841865397864,1.0455841865397864
logistic_regression,num__visual_estimated_line_height_gold_minus_loser,-1.0455841865397864,1.0455841865397864
logistic_regression,num__source_avg_line_length_gold_minus_loser,-1.0159106464343788,1.0159106464343788
logistic_regression,num__source_avg_nonempty_line_length_gold_minus_loser,1.015116015912918,1.015116015912918
logistic_regression,num__source_brace_count_gold_minus_loser,-0.9930755853972254,0.9930755853972254
logistic_regression,num__source_nesting_max_mean,0.931039600579217,0.931039600579217
logistic_regression,num__source_indent_mean_gold_minus_loser,-0.8975095337577662,0.8975095337577662
logistic_regression,num__source_avg_token_length_mean,-0.8365314862117492,0.8365314862117492
logistic_regression,num__source_nesting_max_diff_abs,-0.8175898427065453,0.8175898427065453
logistic_regression,num__source_identifier_unique_count_gold_minus_loser,-0.8058067028595701,0.8058067028595701
logistic_regression,num__source_loc_nonempty_mean,-0.7946278889055812,0.7946278889055812
logistic_regression,num__source_catch_count_gold_minus_loser,-0.7868039731112788,0.7868039731112788
logistic_regression,num__source_identifier_count_mean,-0.7794185510925117,0.7794185510925117
logistic_regression,num__source_comment_line_count_diff_abs,0.7645337213004396,0.7645337213004396
logistic_regression,num__source_loc_total_mean,-0.693440604350507,0.693440604350507
logistic_regression,num__visual_image_height_mean,0.6690319710715315,0.6690319710715315
logistic_regression,num__visual_code_bounding_box_height_mean,0.6690319710715315,0.6690319710715315
logistic_regression,num__visual_estimated_line_height_mean,0.6690319710715315,0.6690319710715315
logistic_regression,num__visual_contrast_score_gold_minus_loser,0.6632090398941154,0.6632090398941154
logistic_regression,num__source_brace_count_mean,-0.6464171261622922,0.6464171261622922
logistic_regression,num__source_avg_line_length_mean,0.6316700133789103,0.6316700133789103
logistic_regression,num__source_identifier_unique_count_mean,0.6182906810557633,0.6182906810557633
logistic_regression,num__source_halstead_length_diff_abs,0.6135289454268567,0.6135289454268567
logistic_regression,num__source_brace_count_diff_abs,0.6006936747630258,0.6006936747630258
logistic_regression,num__source_nesting_mean_gold_minus_loser,0.5896119575101471,0.5896119575101471
logistic_regression,num__source_catch_count_mean,0.5731815362678446,0.5731815362678446
logistic_regression,num__source_loc_nonempty_max,-0.5577200513567881,0.5577200513567881
logistic_regression,num__source_try_count_mean,-0.5573329393708628,0.5573329393708628
logistic_regression,num__source_identifier_count_max,-0.5568965526482719,0.5568965526482719
logistic_regression,num__source_nesting_mean_mean,-0.5551248437273829,0.5551248437273829
logistic_regression,num__source_operator_count_diff_abs,-0.5519364138865757,0.5519364138865757
logistic_regression,num__source_halstead_distinct_operands_gold_minus_loser,-0.5395277521802339,0.5395277521802339
logistic_regression,num__source_api_call_count_gold_minus_loser,0.5083654762843106,0.5083654762843106
logistic_regression,num__source_keyword_count_mean,0.5030012479364901,0.5030012479364901
logistic_regression,num__source_keyword_count_diff_abs,-0.49141372019236773,0.49141372019236773
logistic_regression,num__source_loc_total_diff_abs,0.4864618492373565,0.4864618492373565
logistic_regression,num__source_nesting_max_gold_minus_loser,0.4667668869062744,0.4667668869062744
logistic_regression,num__source_parenthesis_count_mean,-0.4567102439525902,0.4567102439525902
logistic_regression,num__source_exception_handling_count_gold_minus_loser,0.450258523482196,0.450258523482196
logistic_regression,num__source_operator_count_mean,0.4476067145565864,0.4476067145565864
logistic_regression,num__source_halstead_vocabulary_gold_minus_loser,-0.4446048375401076,0.4446048375401076
logistic_regression,num__source_halstead_distinct_operators_gold_minus_loser,0.439524138270364,0.439524138270364
logistic_regression,num__source_avg_identifier_length_gold_minus_loser,-0.43657358361415743,0.43657358361415743
logistic_regression,num__source_keyword_count_gold_minus_loser,0.43610317002061566,0.43610317002061566
logistic_regression,num__source_comment_line_count_mean,-0.4328919044717585,0.4328919044717585
logistic_regression,num__source_halstead_volume_diff_abs,0.42411009555959023,0.42411009555959023
logistic_regression,num__source_token_entropy_max,-0.41931086522728367,0.41931086522728367
logistic_regression,num__source_halstead_distinct_operands_diff_abs,0.3979251432399545,0.3979251432399545
logistic_regression,num__visual_image_height_max,0.3931042598228688,0.3931042598228688
logistic_regression,num__visual_code_bounding_box_height_max,0.3931042598228688,0.3931042598228688
logistic_regression,num__visual_estimated_line_height_max,0.3931042598228688,0.3931042598228688
logistic_regression,num__source_exception_handling_count_mean,0.3907727057236929,0.3907727057236929
logistic_regression,num__source_for_count_gold_minus_loser,0.38916640624740156,0.38916640624740156
logistic_regression,num__source_token_entropy_mean,-0.38602817663592504,0.38602817663592504
logistic_regression,num__visual_aspect_ratio_mean,0.3746901150331131,0.3746901150331131
logistic_regression,num__source_for_count_mean,-0.3704255482499753,0.3704255482499753
logistic_regression,num__source_blank_line_ratio_gold_minus_loser,0.3671682282075362,0.3671682282075362
logistic_regression,num__source_nesting_mean_diff_abs,0.3641195021844763,0.3641195021844763
logistic_regression,num__source_avg_token_length_max,-0.3435389574739809,0.3435389574739809
logistic_regression,num__source_avg_token_length_diff_abs,0.3427228500018254,0.3427228500018254
logistic_regression,num__source_avg_nonempty_line_length_mean,-0.34262391022110905,0.34262391022110905
logistic_regression,num__source_indent_max_gold_minus_loser,0.3360276695211005,0.3360276695211005
logistic_regression,num__source_avg_line_length_max,0.32156904179205675,0.32156904179205675
logistic_regression,num__source_cyclomatic_estimate_gold_minus_loser,-0.3142133359325191,0.3142133359325191
logistic_regression,num__source_exception_handling_count_diff_abs,-0.30997105775911893,0.30997105775911893
logistic_regression,num__source_parenthesis_count_max,-0.3078238713961583,0.3078238713961583
logistic_regression,cat__difficulty_easy,-0.30438485353623373,0.30438485353623373
logistic_regression,num__source_nesting_max_max,0.2971630784292938,0.2971630784292938
logistic_regression,num__source_avg_nonempty_line_length_max,-0.2970292053763042,0.2970292053763042
logistic_regression,num__abs_human_score_gap,0.2954769155725533,0.2954769155725533
logistic_regression,num__source_loc_total_max,-0.2839196813080082,0.2839196813080082
logistic_regression,num__source_halstead_distinct_operands_mean,-0.2782861903791924,0.2782861903791924
logistic_regression,num__source_switch_count_gold_minus_loser,-0.27566375986410013,0.27566375986410013
logistic_regression,num__source_catch_count_max,0.27428884403320064,0.27428884403320064
logistic_regression,num__source_identifier_unique_count_max,0.2719070197018562,0.2719070197018562
logistic_regression,num__source_switch_count_mean,0.26615263781389237,0.26615263781389237
logistic_regression,num__source_while_count_mean,0.2610167795167675,0.2610167795167675
logistic_regression,num__source_identifier_count_gold_minus_loser,0.25835582776817856,0.25835582776817856
logistic_regression,num__source_indent_std_diff_abs,0.2511105593429323,0.2511105593429323
logistic_regression,num__source_halstead_vocabulary_mean,-0.2482821660890766,0.2482821660890766
logistic_regression,num__source_identifier_unique_count_diff_abs,-0.24168064039173193,0.24168064039173193
logistic_regression,num__source_nesting_mean_max,-0.24098524244950453,0.24098524244950453
logistic_regression,num__visual_image_height_diff_abs,-0.23288571379037437,0.23288571379037437
logistic_regression,num__visual_code_bounding_box_height_diff_abs,-0.23288571379037437,0.23288571379037437
logistic_regression,num__visual_estimated_line_height_diff_abs,-0.23288571379037437,0.23288571379037437
logistic_regression,num__source_avg_line_length_diff_abs,-0.2244103785244112,0.2244103785244112
logistic_regression,num__source_token_entropy_diff_abs,-0.2178218784972144,0.2178218784972144
logistic_regression,num__source_parenthesis_count_gold_minus_loser,0.21754230685592718,0.21754230685592718
logistic_regression,num__source_try_count_max,-0.2132637111577839,0.2132637111577839
logistic_regression,num__visual_aspect_ratio_diff_abs,-0.20597919559888375,0.20597919559888375
logistic_regression,num__source_for_count_diff_abs,0.20436755567717332,0.20436755567717332
logistic_regression,num__rf_margin_abs,-0.2027255852242432,0.2027255852242432
logistic_regression,num__source_halstead_length_max,0.20000488012395162,0.20000488012395162
logistic_regression,num__source_switch_count_diff_abs,-0.1992148478804712,0.1992148478804712
logistic_regression,num__source_comment_line_count_gold_minus_loser,0.18707008705821834,0.18707008705821834
logistic_regression,num__source_indent_max_mean,-0.18287767414353978,0.18287767414353978
logistic_regression,num__source_while_count_gold_minus_loser,-0.1802982456069269,0.1802982456069269
logistic_regression,num__source_halstead_distinct_operators_diff_abs,0.17969129190078198,0.17969129190078198
logistic_regression,num__source_token_count_gold_minus_loser,0.17803502546349503,0.17803502546349503
logistic_regression,num__source_indent_std_max,0.17343569757043978,0.17343569757043978
logistic_regression,num__source_literal_count_gold_minus_loser,-0.1725835839017332,0.1725835839017332
logistic_regression,num__source_api_call_count_diff_abs,-0.1701799583242367,0.1701799583242367
logistic_regression,num__visual_aspect_ratio_max,0.16867064260376585,0.16867064260376585
logistic_regression,num__source_halstead_volume_max,0.16631976823539932,0.16631976823539932
logistic_regression,num__source_method_like_count_diff_abs,0.1659986832970314,0.1659986832970314
logistic_regression,num__source_brace_count_max,-0.162236768900987,0.162236768900987
logistic_regression,num__source_try_count_gold_minus_loser,0.16087365552473298,0.16087365552473298
logistic_regression,num__source_try_count_diff_abs,0.15966341808240087,0.15966341808240087
logistic_regression,num__source_halstead_vocabulary_diff_abs,0.15578274607862508,0.15578274607862508
logistic_regression,num__source_comment_line_ratio_diff_abs,-0.14785791073134014,0.14785791073134014
logistic_regression,num__source_halstead_length_gold_minus_loser,0.1457000790666551,0.1457000790666551
logistic_regression,num__source_method_like_count_mean,-0.14373997892596246,0.14373997892596246
logistic_regression,num__visual_contrast_score_mean,0.14325669579120076,0.14325669579120076
logistic_regression,num__source_comment_line_ratio_max,-0.13922747984366615,0.13922747984366615
logistic_regression,num__source_avg_nonempty_line_length_diff_abs,-0.13565002256900488,0.13565002256900488
logistic_regression,num__source_cyclomatic_estimate_diff_abs,-0.13354651521242336,0.13354651521242336
logistic_regression,num__source_halstead_distinct_operators_max,0.12830559798577373,0.12830559798577373
logistic_regression,num__visual_clutter_score_diff_abs,-0.12086283872718635,0.12086283872718635
logistic_regression,num__source_comment_line_ratio_mean,-0.11682371220059908,0.11682371220059908
logistic_regression,num__source_keyword_count_max,0.11668202074671727,0.11668202074671727
logistic_regression,num__source_line_length_std_gold_minus_loser,-0.11351314581424761,0.11351314581424761
logistic_regression,num__source_while_count_max,0.11283405145932394,0.11283405145932394
logistic_regression,num__source_comment_line_count_max,0.11275480101034552,0.11275480101034552
logistic_regression,num__source_indent_std_gold_minus_loser,-0.10937216714332439,0.10937216714332439
logistic_regression,num__source_indent_mean_diff_abs,-0.10870866141096096,0.10870866141096096
logistic_regression,num__source_line_length_std_mean,0.1045173788972356,0.1045173788972356
logistic_regression,num__source_max_line_length_gold_minus_loser,-0.10351527296514709,0.10351527296514709
logistic_regression,num__source_for_count_max,-0.1006549336082317,0.1006549336082317
logistic_regression,cat__difficulty_hard,0.09689370124612837,0.09689370124612837
logistic_regression,num__source_if_count_diff_abs,0.09625950212683781,0.09625950212683781
logistic_regression,num__visual_color_diversity_diff_abs,0.09571088450639857,0.09571088450639857
logistic_regression,num__visual_contrast_score_diff_abs,-0.09494505240914118,0.09494505240914118
logistic_regression,num__source_halstead_length_mean,-0.09265362208489492,0.09265362208489492
logistic_regression,num__source_indent_std_mean,0.09219055285758845,0.09219055285758845
logistic_regression,num__source_halstead_vocabulary_max,-0.0912101461809022,0.0912101461809022
logistic_regression,num__source_indent_max_diff_abs,0.09024072255046202,0.09024072255046202
logistic_regression,num__source_literal_count_mean,0.08696738561436973,0.08696738561436973
logistic_regression,num__source_if_count_gold_minus_loser,-0.08651546713263034,0.08651546713263034
logistic_regression,num__rf_margin_percentile,-0.08320575019733983,0.08320575019733983
logistic_regression,num__source_operator_count_max,0.08229324286603382,0.08229324286603382
logistic_regression,num__source_indent_max_max,-0.08123092556230764,0.08123092556230764
logistic_regression,num__source_identifier_count_diff_abs,-0.07896072621557318,0.07896072621557318
logistic_regression,num__source_line_length_std_max,0.07536339187263799,0.07536339187263799
logistic_regression,num__source_literal_count_diff_abs,-0.07337936814018022,0.07337936814018022
logistic_regression,num__visual_contrast_score_max,0.0683165482996739,0.0683165482996739
logistic_regression,num__source_loc_nonempty_diff_abs,0.06748511672979,0.06748511672979
logistic_regression,num__source_operator_count_gold_minus_loser,0.06684896288107847,0.06684896288107847
logistic_regression,num__source_token_entropy_gold_minus_loser,-0.06513719122099222,0.06513719122099222
logistic_regression,num__source_api_call_count_max,-0.06496064356280846,0.06496064356280846
logistic_regression,cat__difficulty_medium,0.06335662098209957,0.06335662098209957
logistic_regression,num__source_if_count_mean,-0.06315001785380572,0.06315001785380572
logistic_regression,num__visual_image_width_gold_minus_loser,0.06302065524219637,0.06302065524219637
logistic_regression,num__visual_code_bounding_box_width_gold_minus_loser,0.06302065524219637,0.06302065524219637
logistic_regression,num__visual_line_length_mean_gold_minus_loser,0.06302065524219637,0.06302065524219637
logistic_regression,num__visual_line_length_max_gold_minus_loser,0.06302065524219637,0.06302065524219637
logistic_regression,num__source_exception_handling_count_max,0.062320332690431274,0.062320332690431274
logistic_regression,num__source_cyclomatic_estimate_mean,0.05637172232891189,0.05637172232891189
logistic_regression,num__source_halstead_distinct_operators_mean,0.055405705871292225,0.055405705871292225
logistic_regression,num__source_while_count_diff_abs,-0.05376300467536501,0.05376300467536501
logistic_regression,num__visual_clutter_score_max,-0.051434527325050834,0.051434527325050834
logistic_regression,num__source_max_line_length_mean,0.049422172831859845,0.049422172831859845
logistic_regression,num__source_catch_count_diff_abs,-0.046416881115696765,0.046416881115696765
logistic_regression,num__source_avg_identifier_length_diff_abs,0.044685431432190004,0.044685431432190004
logistic_regression,num__visual_color_diversity_mean,-0.042122987711027855,0.042122987711027855
logistic_regression,num__source_token_count_mean,-0.04073920079154723,0.04073920079154723
logistic_regression,num__source_max_line_length_max,0.04068891302944098,0.04068891302944098
logistic_regression,num__source_indent_mean_mean,0.04062669227281554,0.04062669227281554
logistic_regression,num__visual_non_background_pixel_density_diff_abs,-0.0385714131873807,0.0385714131873807
logistic_regression,num__visual_horizontal_whitespace_ratio_diff_abs,-0.0385714131873807,0.0385714131873807
logistic_regression,num__source_switch_count_max,0.036618816779422754,0.036618816779422754
logistic_regression,num__source_token_count_max,-0.0360562048461543,0.0360562048461543
logistic_regression,num__visual_horizontal_whitespace_ratio_max,-0.029949116533419202,0.029949116533419202
logistic_regression,num__source_cyclomatic_estimate_max,-0.028381380942715796,0.028381380942715796
logistic_regression,num__source_halstead_volume_mean,-0.025377401121082735,0.025377401121082735
logistic_regression,num__source_blank_line_count_mean,-0.025119477724028255,0.025119477724028255
logistic_regression,num__source_avg_identifier_length_max,0.022430654215127976,0.022430654215127976
logistic_regression,num__source_halstead_volume_gold_minus_loser,0.02126193717547756,0.02126193717547756
logistic_regression,num__visual_non_background_pixel_density_mean,0.020623541232116238,0.020623541232116238
logistic_regression,num__visual_horizontal_whitespace_ratio_mean,-0.02062354123206402,0.02062354123206402
logistic_regression,num__source_method_like_count_max,-0.01881701333292177,0.01881701333292177
logistic_regression,num__visual_clutter_score_gold_minus_loser,0.018815569768235365,0.018815569768235365
logistic_regression,num__source_indent_mean_max,-0.018468831094039555,0.018468831094039555
logistic_regression,num__source_api_call_count_mean,0.01753705819006038,0.01753705819006038
logistic_regression,num__source_token_count_diff_abs,-0.015966994619903495,0.015966994619903495
logistic_regression,num__visual_image_width_diff_abs,0.015591384780908508,0.015591384780908508
logistic_regression,num__visual_code_bounding_box_width_diff_abs,0.015591384780908508,0.015591384780908508
logistic_regression,num__visual_line_length_mean_diff_abs,0.015591384780908508,0.015591384780908508
logistic_regression,num__visual_line_length_max_diff_abs,0.015591384780908508,0.015591384780908508
logistic_regression,num__source_blank_line_ratio_mean,0.01517327593733575,0.01517327593733575
logistic_regression,num__source_max_line_length_diff_abs,0.01487542355299896,0.01487542355299896
logistic_regression,num__visual_color_diversity_max,0.014186380389868929,0.014186380389868929
logistic_regression,num__source_blank_line_count_max,-0.013714084005717081,0.013714084005717081
logistic_regression,num__visual_color_diversity_gold_minus_loser,0.013608567814311504,0.013608567814311504
logistic_regression,num__source_blank_line_count_gold_minus_loser,0.013389034507805077,0.013389034507805077
logistic_regression,num__visual_clutter_score_mean,0.012837567000787807,0.012837567000787807
logistic_regression,num__source_literal_count_max,0.012782307431290567,0.012782307431290567
logistic_regression,num__visual_image_width_mean,-0.012036353874359175,0.012036353874359175
logistic_regression,num__visual_code_bounding_box_width_mean,-0.012036353874359175,0.012036353874359175
logistic_regression,num__visual_line_length_mean_mean,-0.012036353874359175,0.012036353874359175
logistic_regression,num__visual_line_length_max_mean,-0.012036353874359175,0.012036353874359175
logistic_regression,num__visual_non_background_pixel_density_max,-0.011731777939279464,0.011731777939279464
logistic_regression,num__source_blank_line_ratio_diff_abs,-0.011366607881641363,0.011366607881641363
logistic_regression,num__source_if_count_max,0.007478401798203723,0.007478401798203723
logistic_regression,num__visual_aspect_ratio_gold_minus_loser,0.0068919418567276545,0.0068919418567276545
logistic_regression,num__source_blank_line_count_diff_abs,0.006572811006651045,0.006572811006651045
logistic_regression,num__source_blank_line_ratio_max,0.006335336148682987,0.006335336148682987
logistic_regression,num__source_parenthesis_count_diff_abs,-0.006278648116255893,0.006278648116255893
logistic_regression,num__visual_non_background_pixel_density_gold_minus_loser,0.00488142305062584,0.00488142305062584
logistic_regression,num__visual_horizontal_whitespace_ratio_gold_minus_loser,-0.00488142305062584,0.00488142305062584
logistic_regression,num__source_halstead_distinct_operands_max,0.003948279094771879,0.003948279094771879
logistic_regression,num__source_avg_identifier_length_mean,0.0039282318560733935,0.0039282318560733935
logistic_regression,num__source_line_length_std_diff_abs,-0.0033239856952496268,0.0033239856952496268
logistic_regression,num__visual_image_width_max,-0.0009444313011365619,0.0009444313011365619
logistic_regression,num__visual_code_bounding_box_width_max,-0.0009444313011365619,0.0009444313011365619
logistic_regression,num__visual_line_length_mean_max,-0.0009444313011365619,0.0009444313011365619
logistic_regression,num__visual_line_length_max_max,-0.0009444313011365619,0.0009444313011365619
logistic_regression,num__visual_code_bounding_box_area_ratio_diff_abs,0.0,0.0
logistic_regression,num__visual_code_bounding_box_area_ratio_max,0.0,0.0
logistic_regression,num__visual_code_bounding_box_area_ratio_mean,0.0,0.0
logistic_regression,num__visual_code_bounding_box_area_ratio_gold_minus_loser,0.0,0.0
logistic_regression,num__visual_left_margin_mean_diff_abs,0.0,0.0
logistic_regression,num__visual_left_margin_mean_max,0.0,0.0
logistic_regression,num__visual_left_margin_mean_mean,0.0,0.0
logistic_regression,num__visual_left_margin_mean_gold_minus_loser,0.0,0.0
logistic_regression,num__visual_left_margin_std_diff_abs,0.0,0.0
logistic_regression,num__visual_left_margin_std_max,0.0,0.0
logistic_regression,num__visual_left_margin_std_mean,0.0,0.0
logistic_regression,num__visual_left_margin_std_gold_minus_loser,0.0,0.0
logistic_regression,num__visual_left_margin_min_diff_abs,0.0,0.0
logistic_regression,num__visual_left_margin_min_max,0.0,0.0
logistic_regression,num__visual_left_margin_min_mean,0.0,0.0
logistic_regression,num__visual_left_margin_min_gold_minus_loser,0.0,0.0
logistic_regression,num__visual_left_margin_max_diff_abs,0.0,0.0
logistic_regression,num__visual_left_margin_max_max,0.0,0.0
logistic_regression,num__visual_left_margin_max_mean,0.0,0.0
logistic_regression,num__visual_left_margin_max_gold_minus_loser,0.0,0.0
logistic_regression,num__visual_indentation_depth_proxy_diff_abs,0.0,0.0
logistic_regression,num__visual_indentation_depth_proxy_max,0.0,0.0
logistic_regression,num__visual_indentation_depth_proxy_mean,0.0,0.0
logistic_regression,num__visual_indentation_depth_proxy_gold_minus_loser,0.0,0.0
logistic_regression,num__visual_vertical_whitespace_ratio_diff_abs,0.0,0.0
logistic_regression,num__visual_vertical_whitespace_ratio_max,0.0,0.0
logistic_regression,num__visual_vertical_whitespace_ratio_mean,0.0,0.0
logistic_regression,num__visual_vertical_whitespace_ratio_gold_minus_loser,0.0,0.0
logistic_regression,num__visual_number_of_visual_text_lines_diff_abs,0.0,0.0
logistic_regression,num__visual_number_of_visual_text_lines_max,0.0,0.0
logistic_regression,num__visual_number_of_visual_text_lines_mean,0.0,0.0
logistic_regression,num__visual_number_of_visual_text_lines_gold_minus_loser,0.0,0.0
logistic_regression,num__visual_line_spacing_mean_diff_abs,0.0,0.0
logistic_regression,num__visual_line_spacing_mean_max,0.0,0.0
logistic_regression,num__visual_line_spacing_mean_mean,0.0,0.0
logistic_regression,num__visual_line_spacing_mean_gold_minus_loser,0.0,0.0
logistic_regression,num__visual_line_length_std_diff_abs,0.0,0.0
logistic_regression,num__visual_line_length_std_max,0.0,0.0
logistic_regression,num__visual_line_length_std_mean,0.0,0.0
logistic_regression,num__visual_line_length_std_gold_minus_loser,0.0,0.0
logistic_regression,num__visual_dense_block_ratio_diff_abs,0.0,0.0
logistic_regression,num__visual_dense_block_ratio_max,0.0,0.0
logistic_regression,num__visual_dense_block_ratio_mean,0.0,0.0
logistic_regression,num__visual_dense_block_ratio_gold_minus_loser,0.0,0.0
logistic_regression,num__visual_empty_vertical_gap_count_diff_abs,0.0,0.0
logistic_regression,num__visual_empty_vertical_gap_count_max,0.0,0.0
logistic_regression,num__visual_empty_vertical_gap_count_mean,0.0,0.0
logistic_regression,num__visual_empty_vertical_gap_count_gold_minus_loser,0.0,0.0
logistic_regression,num__visual_error_diff_abs,0.0,0.0
logistic_regression,num__visual_error_max,0.0,0.0
logistic_regression,num__visual_error_mean,0.0,0.0
logistic_regression,num__visual_error_gold_minus_loser,0.0,0.0
random_forest,num__source_comment_line_ratio_gold_minus_loser,0.043757290537919234,0.043757290537919234
random_forest,num__visual_horizontal_whitespace_ratio_gold_minus_loser,0.03996949989742137,0.03996949989742137
random_forest,num__visual_non_background_pixel_density_gold_minus_loser,0.03446024342448001,0.03446024342448001
random_forest,num__source_comment_line_count_gold_minus_loser,0.032072486791463545,0.032072486791463545
random_forest,num__source_indent_mean_gold_minus_loser,0.02976236630763643,0.02976236630763643
random_forest,num__visual_non_background_pixel_density_max,0.021935516072795484,0.021935516072795484
random_forest,num__visual_horizontal_whitespace_ratio_mean,0.019025846363899538,0.019025846363899538
random_forest,num__visual_horizontal_whitespace_ratio_max,0.017715379875881575,0.017715379875881575
random_forest,num__source_comment_line_ratio_mean,0.017289718112241236,0.017289718112241236
random_forest,num__visual_non_background_pixel_density_mean,0.015362332809394903,0.015362332809394903
random_forest,num__source_halstead_volume_gold_minus_loser,0.012383719607605929,0.012383719607605929
random_forest,num__source_avg_token_length_mean,0.012324058814424336,0.012324058814424336
random_forest,num__source_halstead_distinct_operands_gold_minus_loser,0.01145924417376442,0.01145924417376442
random_forest,num__visual_aspect_ratio_max,0.011220048960529078,0.011220048960529078
random_forest,num__source_identifier_count_gold_minus_loser,0.011142812007013076,0.011142812007013076
random_forest,num__source_indent_mean_max,0.010934083407753687,0.010934083407753687
random_forest,num__source_comment_line_ratio_max,0.01078443868392101,0.01078443868392101
random_forest,num__visual_image_width_gold_minus_loser,0.010564242182284732,0.010564242182284732
random_forest,num__visual_aspect_ratio_mean,0.009577410633267341,0.009577410633267341
random_forest,num__source_halstead_vocabulary_gold_minus_loser,0.009152177102729829,0.009152177102729829
random_forest,num__source_indent_std_mean,0.00883808354328509,0.00883808354328509
random_forest,num__source_halstead_distinct_operands_mean,0.00848919352602409,0.00848919352602409
random_forest,num__visual_code_bounding_box_width_gold_minus_loser,0.00842263177221546,0.00842263177221546
random_forest,num__source_token_count_gold_minus_loser,0.008279942725558428,0.008279942725558428
random_forest,num__source_indent_std_max,0.008188117772913187,0.008188117772913187
random_forest,num__visual_contrast_score_gold_minus_loser,0.008068520556436696,0.008068520556436696
random_forest,num__source_avg_token_length_gold_minus_loser,0.007999594397928104,0.007999594397928104
random_forest,num__source_identifier_count_max,0.007968712739143208,0.007968712739143208
random_forest,num__source_identifier_count_diff_abs,0.007468934725684395,0.007468934725684395
random_forest,num__source_indent_std_diff_abs,0.007445776137741302,0.007445776137741302
random_forest,num__source_halstead_vocabulary_max,0.007267260126631059,0.007267260126631059
random_forest,num__visual_horizontal_whitespace_ratio_diff_abs,0.007142515157597604,0.007142515157597604
random_forest,num__source_indent_max_gold_minus_loser,0.007142442502657224,0.007142442502657224
random_forest,num__source_halstead_vocabulary_mean,0.0071228106572184926,0.0071228106572184926
random_forest,num__source_identifier_unique_count_gold_minus_loser,0.007115111617554215,0.007115111617554215
random_forest,num__source_halstead_length_gold_minus_loser,0.006968464775754503,0.006968464775754503
random_forest,num__visual_line_length_mean_diff_abs,0.006842500041217646,0.006842500041217646
random_forest,num__source_indent_max_mean,0.0068284967511028785,0.0068284967511028785
random_forest,num__source_identifier_unique_count_max,0.006805754913161649,0.006805754913161649
random_forest,num__source_avg_identifier_length_mean,0.00658089936612081,0.00658089936612081
random_forest,num__visual_line_length_mean_gold_minus_loser,0.0064727148609095885,0.0064727148609095885
random_forest,num__source_avg_line_length_gold_minus_loser,0.00645183055544582,0.00645183055544582
random_forest,num__visual_image_width_diff_abs,0.006443420569379609,0.006443420569379609
random_forest,num__source_token_entropy_max,0.0063221479225372065,0.0063221479225372065
random_forest,num__visual_code_bounding_box_width_diff_abs,0.006256940575388905,0.006256940575388905
random_forest,num__source_halstead_distinct_operands_diff_abs,0.0061627113754681205,0.0061627113754681205
random_forest,num__source_loc_nonempty_mean,0.006123496856580181,0.006123496856580181
random_forest,num__source_indent_mean_mean,0.0060876081728719784,0.0060876081728719784
random_forest,num__source_identifier_count_mean,0.006038647947312612,0.006038647947312612
random_forest,num__source_avg_nonempty_line_length_gold_minus_loser,0.0060288036465558975,0.0060288036465558975
random_forest,num__source_comment_line_count_mean,0.005991466731932957,0.005991466731932957
random_forest,num__source_identifier_unique_count_mean,0.005939516505119295,0.005939516505119295
random_forest,num__source_halstead_volume_max,0.005927835101223866,0.005927835101223866
random_forest,num__source_indent_std_gold_minus_loser,0.005862110674059329,0.005862110674059329
random_forest,num__source_loc_total_mean,0.005816379392404906,0.005816379392404906
random_forest,num__source_halstead_distinct_operands_max,0.00576461681698747,0.00576461681698747
random_forest,num__source_indent_max_max,0.005727342177444823,0.005727342177444823
random_forest,num__source_literal_count_gold_minus_loser,0.0055734391791830385,0.0055734391791830385
random_forest,num__source_avg_token_length_max,0.005530372232227265,0.005530372232227265
random_forest,num__visual_line_length_max_diff_abs,0.005526255462450548,0.005526255462450548
random_forest,num__visual_line_length_max_mean,0.005451484331992036,0.005451484331992036
random_forest,num__visual_aspect_ratio_diff_abs,0.0053719247592992235,0.0053719247592992235
random_forest,num__source_token_entropy_mean,0.005305236427246108,0.005305236427246108
random_forest,num__source_identifier_unique_count_diff_abs,0.005285586888444299,0.005285586888444299
random_forest,num__rf_margin_abs,0.0052125529258249224,0.0052125529258249224
random_forest,num__visual_line_length_max_gold_minus_loser,0.005178237275536525,0.005178237275536525
random_forest,num__visual_aspect_ratio_gold_minus_loser,0.005105159101738437,0.005105159101738437
random_forest,num__source_blank_line_ratio_gold_minus_loser,0.005057880870973785,0.005057880870973785
random_forest,num__visual_non_background_pixel_density_diff_abs,0.00494529979153367,0.00494529979153367
random_forest,num__visual_contrast_score_diff_abs,0.004905425544259263,0.004905425544259263
random_forest,num__source_loc_nonempty_gold_minus_loser,0.004843363368266752,0.004843363368266752
random_forest,num__source_token_entropy_diff_abs,0.004777850843100742,0.004777850843100742
random_forest,num__source_avg_identifier_length_gold_minus_loser,0.004711044312236712,0.004711044312236712
random_forest,num__source_halstead_length_mean,0.004599305961639607,0.004599305961639607
random_forest,num__source_halstead_length_max,0.004481441262115219,0.004481441262115219
random_forest,num__source_loc_total_gold_minus_loser,0.004327793096319298,0.004327793096319298
random_forest,num__source_comment_line_ratio_diff_abs,0.004289939322282872,0.004289939322282872
random_forest,num__source_nesting_mean_gold_minus_loser,0.004205163340622075,0.004205163340622075
random_forest,num__visual_line_length_mean_mean,0.004136000091404905,0.004136000091404905
random_forest,num__source_comment_line_count_max,0.004120581591421915,0.004120581591421915
random_forest,num__source_token_entropy_gold_minus_loser,0.004079556032079314,0.004079556032079314
random_forest,num__source_halstead_vocabulary_diff_abs,0.0040684554478603585,0.0040684554478603585
random_forest,num__visual_image_height_mean,0.003932797417698654,0.003932797417698654
random_forest,num__visual_image_width_mean,0.0038542861361982143,0.0038542861361982143
random_forest,num__source_halstead_volume_diff_abs,0.0038489098965030083,0.0038489098965030083
random_forest,num__rf_margin_percentile,0.003739093845498038,0.003739093845498038
random_forest,num__source_avg_identifier_length_max,0.003635099519874918,0.003635099519874918
random_forest,num__source_avg_nonempty_line_length_max,0.0036044281836559206,0.0036044281836559206
random_forest,num__source_max_line_length_gold_minus_loser,0.003569405697753631,0.003569405697753631
random_forest,num__source_nesting_mean_diff_abs,0.0035631024428636735,0.0035631024428636735
random_forest,num__source_operator_count_gold_minus_loser,0.0034311267691473214,0.0034311267691473214
random_forest,num__source_avg_line_length_diff_abs,0.003384347794751894,0.003384347794751894
random_forest,num__visual_image_width_max,0.003381487772862959,0.003381487772862959
random_forest,num__source_loc_total_diff_abs,0.003320746319789424,0.003320746319789424
random_forest,num__source_halstead_length_diff_abs,0.0031559074647981348,0.0031559074647981348
random_forest,num__source_nesting_mean_mean,0.0031482152889433343,0.0031482152889433343
random_forest,num__source_brace_count_mean,0.003145953077158456,0.003145953077158456
random_forest,num__source_line_length_std_mean,0.0031323407444237197,0.0031323407444237197
random_forest,num__visual_clutter_score_mean,0.003101079895730104,0.003101079895730104
random_forest,num__source_avg_identifier_length_diff_abs,0.0030648179666533664,0.0030648179666533664
random_forest,num__source_blank_line_ratio_diff_abs,0.0030578227120859037,0.0030578227120859037
random_forest,num__source_parenthesis_count_mean,0.0030037597508899136,0.0030037597508899136
random_forest,num__source_indent_max_diff_abs,0.002980882314666435,0.002980882314666435
random_forest,num__source_token_count_max,0.0029702178350893864,0.0029702178350893864
random_forest,num__source_avg_nonempty_line_length_mean,0.002930934444865295,0.002930934444865295
random_forest,num__source_method_like_count_gold_minus_loser,0.002883666983660853,0.002883666983660853
random_forest,num__source_halstead_volume_mean,0.002880822921008876,0.002880822921008876
random_forest,num__source_indent_mean_diff_abs,0.0028767110956947222,0.0028767110956947222
random_forest,num__source_max_line_length_mean,0.0028625974177356127,0.0028625974177356127
random_forest,num__source_avg_token_length_diff_abs,0.0028435457817031357,0.0028435457817031357
random_forest,num__source_blank_line_count_max,0.0028283194416739823,0.0028283194416739823
random_forest,num__visual_clutter_score_gold_minus_loser,0.0027891572677754485,0.0027891572677754485
random_forest,num__source_max_line_length_diff_abs,0.002726257761539615,0.002726257761539615
random_forest,num__visual_code_bounding_box_width_mean,0.0026723696462758206,0.0026723696462758206
random_forest,num__source_catch_count_gold_minus_loser,0.002656764624016201,0.002656764624016201
random_forest,num__source_token_count_diff_abs,0.0026005206393495493,0.0026005206393495493
random_forest,num__visual_estimated_line_height_gold_minus_loser,0.0025922430946265485,0.0025922430946265485
random_forest,num__visual_color_diversity_mean,0.002591901512068929,0.002591901512068929
random_forest,num__visual_line_length_max_max,0.0025794242875869355,0.0025794242875869355
random_forest,num__source_max_line_length_max,0.0025748595164019755,0.0025748595164019755
random_forest,num__visual_code_bounding_box_height_mean,0.00243397632919248,0.00243397632919248
random_forest,num__source_parenthesis_count_gold_minus_loser,0.0024273617499074663,0.0024273617499074663
random_forest,num__source_token_count_mean,0.0024016523596159154,0.0024016523596159154
random_forest,num__source_avg_nonempty_line_length_diff_abs,0.0023772345621816014,0.0023772345621816014
random_forest,num__abs_human_score_gap,0.0023183113042173444,0.0023183113042173444
random_forest,num__source_parenthesis_count_diff_abs,0.002286024651717265,0.002286024651717265
random_forest,num__visual_estimated_line_height_mean,0.0022537511322496804,0.0022537511322496804
random_forest,num__source_brace_count_max,0.002184253493186332,0.002184253493186332
random_forest,num__source_blank_line_ratio_max,0.002179208832042284,0.002179208832042284
random_forest,num__source_line_length_std_max,0.0021518557456034555,0.0021518557456034555
random_forest,num__visual_estimated_line_height_diff_abs,0.0021363780865409757,0.0021363780865409757
random_forest,num__source_keyword_count_gold_minus_loser,0.00208618430128508,0.00208618430128508
random_forest,num__source_avg_line_length_mean,0.0020460421152875556,0.0020460421152875556
random_forest,num__source_line_length_std_gold_minus_loser,0.0020435049258408,0.0020435049258408
random_forest,num__visual_clutter_score_max,0.002038956868203249,0.002038956868203249
random_forest,num__source_operator_count_mean,0.0020372967820525166,0.0020372967820525166
random_forest,num__visual_contrast_score_max,0.0020362889692134216,0.0020362889692134216
random_forest,num__visual_color_diversity_max,0.0019895771692914105,0.0019895771692914105
random_forest,num__visual_color_diversity_diff_abs,0.0019771774572335254,0.0019771774572335254
random_forest,num__source_api_call_count_diff_abs,0.0019362159423280238,0.0019362159423280238
random_forest,num__visual_contrast_score_mean,0.001930331884388982,0.001930331884388982
random_forest,num__source_loc_nonempty_max,0.0019278014897393151,0.0019278014897393151
random_forest,num__visual_image_height_max,0.0019172359488618077,0.0019172359488618077
random_forest,num__source_keyword_count_diff_abs,0.0018762426224013717,0.0018762426224013717
random_forest,num__visual_code_bounding_box_height_max,0.0018460602357807394,0.0018460602357807394
random_forest,num__visual_code_bounding_box_height_gold_minus_loser,0.0018374394605904724,0.0018374394605904724
random_forest,num__source_brace_count_gold_minus_loser,0.0018321292399128143,0.0018321292399128143
random_forest,num__source_operator_count_max,0.0018187548296581054,0.0018187548296581054
random_forest,num__visual_image_height_diff_abs,0.0017910873193059426,0.0017910873193059426
random_forest,num__source_nesting_mean_max,0.0017838165938695463,0.0017838165938695463
random_forest,num__visual_estimated_line_height_max,0.0017827132036177988,0.0017827132036177988
random_forest,num__source_avg_line_length_max,0.001777989159330869,0.001777989159330869
random_forest,num__visual_image_height_gold_minus_loser,0.0016884004636089933,0.0016884004636089933
random_forest,num__source_nesting_max_gold_minus_loser,0.0016817555205599,0.0016817555205599
random_forest,num__source_blank_line_ratio_mean,0.001641643411761964,0.001641643411761964
random_forest,num__source_line_length_std_diff_abs,0.0016268467240489754,0.0016268467240489754
random_forest,num__source_operator_count_diff_abs,0.001618410320418047,0.001618410320418047
random_forest,num__source_api_call_count_max,0.0016168283978170773,0.0016168283978170773
random_forest,num__source_blank_line_count_mean,0.0015633279738710647,0.0015633279738710647
random_forest,num__visual_line_length_mean_max,0.0015486224751516504,0.0015486224751516504
random_forest,num__visual_code_bounding_box_width_max,0.0015027849221595192,0.0015027849221595192
random_forest,num__source_literal_count_mean,0.001473416665609042,0.001473416665609042
random_forest,num__source_comment_line_count_diff_abs,0.0014677849145875899,0.0014677849145875899
random_forest,num__source_blank_line_count_diff_abs,0.0014339949794158259,0.0014339949794158259
random_forest,num__source_cyclomatic_estimate_gold_minus_loser,0.0014200276830983699,0.0014200276830983699
random_forest,num__source_method_like_count_max,0.001358091460807623,0.001358091460807623
random_forest,num__source_cyclomatic_estimate_diff_abs,0.0013322815299734226,0.0013322815299734226
random_forest,num__source_loc_total_max,0.0013277179404400153,0.0013277179404400153
random_forest,num__source_method_like_count_diff_abs,0.0013003226230356856,0.0013003226230356856
random_forest,num__visual_clutter_score_diff_abs,0.001273533222513119,0.001273533222513119
random_forest,num__source_api_call_count_gold_minus_loser,0.0012675940044916628,0.0012675940044916628
random_forest,num__source_halstead_distinct_operators_mean,0.001223570132284409,0.001223570132284409
random_forest,num__source_halstead_distinct_operators_gold_minus_loser,0.001211611538087005,0.001211611538087005
random_forest,num__source_halstead_distinct_operators_diff_abs,0.0011975475980164532,0.0011975475980164532
random_forest,num__source_brace_count_diff_abs,0.0011866774223936456,0.0011866774223936456
random_forest,num__visual_code_bounding_box_height_diff_abs,0.0011753265798135266,0.0011753265798135266
random_forest,num__source_loc_nonempty_diff_abs,0.0011692658602999036,0.0011692658602999036
random_forest,num__source_api_call_count_mean,0.0011680140637514446,0.0011680140637514446
random_forest,num__source_literal_count_max,0.0011414940787261131,0.0011414940787261131
random_forest,num__source_blank_line_count_gold_minus_loser,0.0011229999385122768,0.0011229999385122768
random_forest,num__source_keyword_count_mean,0.0010733260871716563,0.0010733260871716563
random_forest,num__source_halstead_distinct_operators_max,0.001060971328833207,0.001060971328833207
random_forest,num__source_catch_count_max,0.0009690813480713524,0.0009690813480713524
random_forest,num__source_parenthesis_count_max,0.0009541959911354956,0.0009541959911354956
random_forest,num__source_method_like_count_mean,0.0009219450901316498,0.0009219450901316498
random_forest,num__source_switch_count_diff_abs,0.000920139900524971,0.000920139900524971
random_forest,num__source_cyclomatic_estimate_mean,0.0009169245035646908,0.0009169245035646908
random_forest,num__source_exception_handling_count_gold_minus_loser,0.0009034347597714246,0.0009034347597714246
random_forest,num__source_exception_handling_count_max,0.0008838337639554935,0.0008838337639554935
random_forest,num__source_nesting_max_max,0.0008301602318281032,0.0008301602318281032
random_forest,num__source_if_count_mean,0.0008198465627186955,0.0008198465627186955
random_forest,num__source_cyclomatic_estimate_max,0.0007861580748338998,0.0007861580748338998
random_forest,num__source_keyword_count_max,0.0007852489493495955,0.0007852489493495955
random_forest,num__source_if_count_gold_minus_loser,0.0007131804287188826,0.0007131804287188826
random_forest,num__source_literal_count_diff_abs,0.0007014470467540971,0.0007014470467540971
random_forest,num__source_exception_handling_count_diff_abs,0.0006558658749568428,0.0006558658749568428
random_forest,num__source_while_count_mean,0.0006432079027993316,0.0006432079027993316
random_forest,num__source_catch_count_mean,0.0006149378114671086,0.0006149378114671086
random_forest,num__visual_color_diversity_gold_minus_loser,0.0006130077668902408,0.0006130077668902408
random_forest,num__source_if_count_diff_abs,0.0005218995508881045,0.0005218995508881045
random_forest,num__source_nesting_max_diff_abs,0.0004953674557252183,0.0004953674557252183
random_forest,num__source_switch_count_gold_minus_loser,0.0004934616167475201,0.0004934616167475201
random_forest,cat__difficulty_hard,0.0004630824282225497,0.0004630824282225497
random_forest,num__source_catch_count_diff_abs,0.0003747994454959599,0.0003747994454959599
random_forest,num__source_switch_count_mean,0.00032615123401354807,0.00032615123401354807
random_forest,num__source_if_count_max,0.0003068236028009305,0.0003068236028009305
random_forest,num__source_exception_handling_count_mean,0.0003041178703566717,0.0003041178703566717
random_forest,num__source_switch_count_max,0.0002983160392757734,0.0002983160392757734
random_forest,num__source_while_count_max,0.0002975076052116073,0.0002975076052116073
random_forest,num__source_while_count_diff_abs,0.00021855534622017308,0.00021855534622017308
random_forest,num__source_for_count_mean,0.00021755625197585426,0.00021755625197585426
random_forest,num__source_nesting_max_mean,0.00021197630372003863,0.00021197630372003863
random_forest,num__source_try_count_gold_minus_loser,0.00020960231136512618,0.00020960231136512618
random_forest,cat__difficulty_easy,0.00018712321444301793,0.00018712321444301793
random_forest,num__source_while_count_gold_minus_loser,0.00016142481832094827,0.00016142481832094827
random_forest,num__source_try_count_max,0.0001461371248066494,0.0001461371248066494
random_forest,cat__difficulty_medium,0.00014583493234880654,0.00014583493234880654
random_forest,num__source_try_count_mean,0.000122323227908524,0.000122323227908524
random_forest,num__source_for_count_gold_minus_loser,0.00011944596961767011,0.00011944596961767011
random_forest,num__source_try_count_diff_abs,7.535246471304045e-05,7.535246471304045e-05
random_forest,num__source_for_count_diff_abs,2.2366657139003002e-05,2.2366657139003002e-05
random_forest,num__source_for_count_max,9.569698229906682e-06,9.569698229906682e-06
random_forest,num__visual_code_bounding_box_area_ratio_diff_abs,0.0,0.0
random_forest,num__visual_code_bounding_box_area_ratio_max,0.0,0.0
random_forest,num__visual_code_bounding_box_area_ratio_mean,0.0,0.0
random_forest,num__visual_code_bounding_box_area_ratio_gold_minus_loser,0.0,0.0
random_forest,num__visual_left_margin_mean_diff_abs,0.0,0.0
random_forest,num__visual_left_margin_mean_max,0.0,0.0
random_forest,num__visual_left_margin_mean_mean,0.0,0.0
random_forest,num__visual_left_margin_mean_gold_minus_loser,0.0,0.0
random_forest,num__visual_left_margin_std_diff_abs,0.0,0.0
random_forest,num__visual_left_margin_std_max,0.0,0.0
random_forest,num__visual_left_margin_std_mean,0.0,0.0
random_forest,num__visual_left_margin_std_gold_minus_loser,0.0,0.0
random_forest,num__visual_left_margin_min_diff_abs,0.0,0.0
random_forest,num__visual_left_margin_min_max,0.0,0.0
random_forest,num__visual_left_margin_min_mean,0.0,0.0
random_forest,num__visual_left_margin_min_gold_minus_loser,0.0,0.0
random_forest,num__visual_left_margin_max_diff_abs,0.0,0.0
random_forest,num__visual_left_margin_max_max,0.0,0.0
random_forest,num__visual_left_margin_max_mean,0.0,0.0
random_forest,num__visual_left_margin_max_gold_minus_loser,0.0,0.0
random_forest,num__visual_indentation_depth_proxy_diff_abs,0.0,0.0
random_forest,num__visual_indentation_depth_proxy_max,0.0,0.0
random_forest,num__visual_indentation_depth_proxy_mean,0.0,0.0
random_forest,num__visual_indentation_depth_proxy_gold_minus_loser,0.0,0.0
random_forest,num__visual_vertical_whitespace_ratio_diff_abs,0.0,0.0
random_forest,num__visual_vertical_whitespace_ratio_max,0.0,0.0
random_forest,num__visual_vertical_whitespace_ratio_mean,0.0,0.0
random_forest,num__visual_vertical_whitespace_ratio_gold_minus_loser,0.0,0.0
random_forest,num__visual_number_of_visual_text_lines_diff_abs,0.0,0.0
random_forest,num__visual_number_of_visual_text_lines_max,0.0,0.0
random_forest,num__visual_number_of_visual_text_lines_mean,0.0,0.0
random_forest,num__visual_number_of_visual_text_lines_gold_minus_loser,0.0,0.0
random_forest,num__visual_line_spacing_mean_diff_abs,0.0,0.0
random_forest,num__visual_line_spacing_mean_max,0.0,0.0
random_forest,num__visual_line_spacing_mean_mean,0.0,0.0
random_forest,num__visual_line_spacing_mean_gold_minus_loser,0.0,0.0
random_forest,num__visual_line_length_std_diff_abs,0.0,0.0
random_forest,num__visual_line_length_std_max,0.0,0.0
random_forest,num__visual_line_length_std_mean,0.0,0.0
random_forest,num__visual_line_length_std_gold_minus_loser,0.0,0.0
random_forest,num__visual_dense_block_ratio_diff_abs,0.0,0.0
random_forest,num__visual_dense_block_ratio_max,0.0,0.0
random_forest,num__visual_dense_block_ratio_mean,0.0,0.0
random_forest,num__visual_dense_block_ratio_gold_minus_loser,0.0,0.0
random_forest,num__visual_empty_vertical_gap_count_diff_abs,0.0,0.0
random_forest,num__visual_empty_vertical_gap_count_max,0.0,0.0
random_forest,num__visual_empty_vertical_gap_count_mean,0.0,0.0
random_forest,num__visual_empty_vertical_gap_count_gold_minus_loser,0.0,0.0
random_forest,num__visual_error_diff_abs,0.0,0.0
random_forest,num__visual_error_max,0.0,0.0
random_forest,num__visual_error_mean,0.0,0.0
random_forest,num__visual_error_gold_minus_loser,0.0,0.0
