experiment,model,language,baseline,condition,n,baseline_only_correct,condition_only_correct,accuracy_delta,delta_cluster_robust_se,delta_ci_low,delta_ci_high,delta_ci_method,mcnemar_exact_p,holm_p,holm_reject_0_05
perturbation,OpenGVLab/InternVL3-8B,cuda,baseline,gaussian_sigma_1,1000,48,75,0.027,0.016843624431813874,-0.006012897255474128,0.060012897255474124,two-way snippet-cluster robust normal interval,0.01869342540925406,0.05608027622776218,False
perturbation,OpenGVLab/InternVL3-8B,cuda,baseline,gaussian_sigma_2,1000,62,125,0.063,0.02264497127399364,0.01861667187202836,0.10738332812797163,two-way snippet-cluster robust normal interval,4.760736467101293e-06,1.904294586840517e-05,True
perturbation,OpenGVLab/InternVL3-8B,cuda,baseline,gaussian_sigma_4,1000,50,284,0.234,0.02812691550810364,0.17887225860791575,0.28912774139208425,two-way snippet-cluster robust normal interval,7.355997252751074e-41,3.677998626375537e-40,True
perturbation,OpenGVLab/InternVL3-8B,cuda,baseline,no_blank_lines,1000,44,67,0.023,0.01642353445516524,-0.009189536030976525,0.055189536030976524,two-way snippet-cluster robust normal interval,0.03630649114131781,0.07261298228263562,False
perturbation,OpenGVLab/InternVL3-8B,cuda,baseline,no_indent,1000,50,71,0.021,0.014173201332091557,-0.0067789641565345685,0.04877896415653457,two-way snippet-cluster robust normal interval,0.06859363812061445,0.07261298228263562,False
perturbation,OpenGVLab/InternVL3-8B,java,baseline,gaussian_sigma_1,1000,32,57,0.025,0.009387291941768952,0.006601245881769784,0.043398754118230215,two-way snippet-cluster robust normal interval,0.010546897231105523,0.04218758892442209,True
perturbation,OpenGVLab/InternVL3-8B,java,baseline,gaussian_sigma_2,1000,34,112,0.078,0.013138997526447762,0.052248038055201534,0.10375196194479847,two-way snippet-cluster robust normal interval,6.421318473021572e-11,3.210659236510786e-10,True
perturbation,OpenGVLab/InternVL3-8B,java,baseline,gaussian_sigma_4,1000,144,165,0.021,0.021796940014598372,-0.02172121740179277,0.06372121740179278,two-way snippet-cluster robust normal interval,0.25518333588412223,0.25518333588412223,False
perturbation,OpenGVLab/InternVL3-8B,java,baseline,no_blank_lines,1000,40,62,0.022,0.011072075505522899,0.00029913077506700525,0.04370086922493299,two-way snippet-cluster robust normal interval,0.037066767438560584,0.10563306053942687,False
perturbation,OpenGVLab/InternVL3-8B,java,baseline,no_indent,1000,63,90,0.027,0.013310566704689808,0.0009117686449899888,0.05308823135501001,two-way snippet-cluster robust normal interval,0.035211020179808955,0.10563306053942687,False
perturbation,OpenGVLab/InternVL3-8B,python,baseline,gaussian_sigma_1,1000,36,67,0.031,0.015685704765805056,0.0002565835868938056,0.0617434164131062,two-way snippet-cluster robust normal interval,0.0029291945870261924,0.0029291945870261924,True
perturbation,OpenGVLab/InternVL3-8B,python,baseline,gaussian_sigma_2,1000,30,123,0.093,0.01821208406525732,0.057304971148679835,0.12869502885132017,two-way snippet-cluster robust normal interval,1.4331428712478283e-14,5.732571484991313e-14,True
perturbation,OpenGVLab/InternVL3-8B,python,baseline,gaussian_sigma_4,1000,93,246,0.153,0.03704488420821425,0.08039336114044347,0.2256066388595565,two-way snippet-cluster robust normal interval,4.35913668264341e-17,2.1795683413217052e-16,True
perturbation,OpenGVLab/InternVL3-8B,python,baseline,no_blank_lines,1000,47,97,0.05,0.018727920333021522,0.013293950641942442,0.08670604935805756,two-way snippet-cluster robust normal interval,3.755709704208482e-05,0.00011267129112625446,True
perturbation,OpenGVLab/InternVL3-8B,python,baseline,no_indent,1000,53,97,0.044,0.021757894751101247,0.0013553099084284703,0.08664469009157152,two-way snippet-cluster robust normal interval,0.0004097727655173999,0.0008195455310347998,True
perturbation,Qwen/Qwen2.5-VL-7B-Instruct,cuda,baseline,gaussian_sigma_1,1000,56,44,-0.012,0.012924744639643701,-0.03733203400307877,0.013332034003078773,two-way snippet-cluster robust normal interval,0.2712530240738354,0.38299754374694156,False
perturbation,Qwen/Qwen2.5-VL-7B-Instruct,cuda,baseline,gaussian_sigma_2,1000,82,37,-0.045,0.014777242638597976,-0.07396286336246166,-0.016037136637538328,two-way snippet-cluster robust normal interval,4.5251347234619534e-05,0.0001357540417038586,True
perturbation,Qwen/Qwen2.5-VL-7B-Instruct,cuda,baseline,gaussian_sigma_4,1000,205,79,-0.126,0.02942017838151226,-0.18366249004650792,-0.06833750995349208,two-way snippet-cluster robust normal interval,4.5547557760186124e-14,2.277377888009306e-13,True
perturbation,Qwen/Qwen2.5-VL-7B-Instruct,cuda,baseline,no_blank_lines,1000,92,31,-0.061,0.011535359378883735,-0.08360888893133844,-0.038391111068661554,two-way snippet-cluster robust normal interval,3.3173529174399884e-08,1.3269411669759953e-07,True
perturbation,Qwen/Qwen2.5-VL-7B-Instruct,cuda,baseline,no_indent,1000,74,58,-0.016,0.014682962098977254,-0.044778076900362056,0.012778076900362055,two-way snippet-cluster robust normal interval,0.19149877187347078,0.38299754374694156,False
perturbation,Qwen/Qwen2.5-VL-7B-Instruct,java,baseline,gaussian_sigma_1,1000,53,53,0.0,0.012409673645990858,-0.02432251340603794,0.02432251340603794,two-way snippet-cluster robust normal interval,1.0,1.0,False
perturbation,Qwen/Qwen2.5-VL-7B-Instruct,java,baseline,gaussian_sigma_2,1000,59,59,0.0,0.012961481396815721,-0.025404036724044725,0.025404036724044725,two-way snippet-cluster robust normal interval,1.0,1.0,False
perturbation,Qwen/Qwen2.5-VL-7B-Instruct,java,baseline,gaussian_sigma_4,1000,216,80,-0.136,0.02399630104828661,-0.1830318858168225,-0.08896811418317752,two-way snippet-cluster robust normal interval,1.3301041916749277e-15,6.6505209583746385e-15,True
perturbation,Qwen/Qwen2.5-VL-7B-Instruct,java,baseline,no_blank_lines,1000,53,29,-0.024,0.009521196563457733,-0.042661202354103686,-0.005338797645896311,two-way snippet-cluster robust normal interval,0.010637487878147722,0.04254995151259089,True
perturbation,Qwen/Qwen2.5-VL-7B-Instruct,java,baseline,no_indent,1000,79,52,-0.027,0.013103937805102604,-0.052683246153653954,-0.0013167538463460492,two-way snippet-cluster robust normal interval,0.022743268128245016,0.06822980438473505,False
perturbation,Qwen/Qwen2.5-VL-7B-Instruct,python,baseline,gaussian_sigma_1,1000,46,60,0.014,0.01395902661362885,-0.013359189421948659,0.04135918942194866,two-way snippet-cluster robust normal interval,0.20649820735970995,0.8259928294388398,False
perturbation,Qwen/Qwen2.5-VL-7B-Instruct,python,baseline,gaussian_sigma_2,1000,64,74,0.01,0.017238602031487308,-0.023787039125534135,0.04378703912553414,two-way snippet-cluster robust normal interval,0.4437150035266714,0.992807486826641,False
perturbation,Qwen/Qwen2.5-VL-7B-Instruct,python,baseline,gaussian_sigma_4,1000,141,149,0.008,0.03163804696880003,-0.054009432600034685,0.07000943260003469,two-way snippet-cluster robust normal interval,0.6811052377808497,0.992807486826641,False
perturbation,Qwen/Qwen2.5-VL-7B-Instruct,python,baseline,no_blank_lines,1000,98,58,-0.04,0.02042523928868403,-0.08003273338143321,3.273338143321147e-05,two-way snippet-cluster robust normal interval,0.0017043653165239327,0.008521826582619664,True
perturbation,Qwen/Qwen2.5-VL-7B-Instruct,python,baseline,no_indent,1000,70,58,-0.012,0.017235009022335806,-0.045779996957001065,0.021779996957001068,two-way snippet-cluster robust normal interval,0.3309358289422137,0.992807486826641,False
